subject_id,node_id,ensemble_mean_graph_prob,ensemble_std,topk_error_flag
sub-002,0,0.09332491629790804,0.04807263381038684,0
sub-002,1,0.2537533407088449,0.06233082231947636,0
sub-002,2,0.0478722555619973,0.01749642489679887,0
sub-002,3,0.15763788060701817,0.03975228565928542,0
sub-002,4,0.1052149167437085,0.031820759833534336,0
sub-002,5,0.25475455518259943,0.09558724181990505,0
sub-002,6,0.10440870154883575,0.037134228896741915,0
sub-002,7,0.10289406716398228,0.04320930331385738,0
sub-002,8,0.043801858541475024,0.016168369686142547,0
sub-002,9,0.19982015191444935,0.0488896188645061,0
sub-002,10,0.382170651749345,0.1524164088339621,0
sub-002,11,0.2020242078981788,0.03949713959351761,0
sub-002,12,0.11571833351913288,0.05113116423055618,0
sub-002,13,0.08119097617753437,0.03988151515108876,0
sub-002,14,0.2907566936481779,0.06120287312583901,0
sub-002,15,0.8236808216184096,0.04554288306358652,0
sub-002,16,0.1769326598317183,0.06895564762062764,0
sub-002,17,0.1273686684884828,0.047007820903847065,0
sub-002,18,0.12899254441744076,0.0448117329104412,0
sub-002,19,0.12062694720556193,0.03909760133761526,0
sub-002,20,0.0821755477820642,0.03277517052172857,0
sub-002,21,0.5175223003327658,0.06459860642800644,1
sub-002,22,0.2567436615146707,0.06231696281113734,0
sub-002,23,0.062365840907720474,0.0327498778904441,0
sub-002,24,0.20414370541479449,0.0620663314837077,0
sub-002,25,0.047932652984487775,0.02439577855777197,0
sub-002,26,0.27280903012376995,0.06656555828549213,0
sub-002,27,0.24568522100520487,0.08512915948601064,0
sub-002,28,0.02150601874073605,0.011215665511558698,0
sub-002,29,0.13563018614182984,0.04094786492028902,0
sub-002,30,0.17252099882188757,0.05614093477608656,0
sub-002,31,0.06745109316172047,0.02587996924975669,0
sub-002,32,0.4007899449283533,0.1450598775156162,0
sub-002,33,0.14995115282055774,0.06932935371348627,0
sub-002,34,0.01858620931186233,0.01136592191194292,0
sub-002,35,0.09529067100984275,0.039840188287441194,0
sub-002,36,0.11503183602126188,0.038978854952462616,0
sub-002,37,0.06661132843963699,0.027091477520887294,0
sub-002,38,0.21385595663305673,0.08652713464935648,0
sub-002,39,0.3429264695409764,0.1151415768483706,0
sub-002,40,0.17920160126556703,0.05211711439646172,0
sub-002,41,0.05879439464067574,0.03356804373675266,0
sub-002,42,0.05707945162887438,0.018437405831316648,0
sub-002,43,0.1667653293927656,0.05156150170161312,0
sub-002,44,0.09234332490269713,0.037718627890884454,0
sub-002,45,0.36065324797732634,0.13084275273221072,0
sub-002,46,0.12726374247805086,0.04708597339734791,0
sub-002,47,0.09941448526816571,0.03533576954881687,0
sub-002,48,0.1381319724510422,0.04232689774705568,0
sub-002,49,0.4150056653746258,0.0837223936049542,0
sub-002,50,0.1416928629441995,0.05134154973477943,0
sub-002,51,0.16646218881655472,0.0490051975852629,0
sub-002,52,0.11653469011757504,0.04130593346606033,0
sub-002,53,0.18576431336950647,0.053574002041292965,0
sub-002,54,0.2922792993650375,0.082897477057813,1
sub-002,55,0.537573562597028,0.10117515191728166,1
sub-002,56,0.4967604718901365,0.07401923986013943,1
sub-002,57,0.20774539480829302,0.04621468842462822,0
sub-002,58,0.14354583945920124,0.04439945567121088,0
sub-002,59,0.17850593446852162,0.06135340435607387,0
sub-002,60,0.30621910610895486,0.0775076741884082,1
sub-002,61,0.18222923858688816,0.061094388411212404,1
sub-002,62,0.0354161161401655,0.020298363352495415,0
sub-002,63,0.01829759711872109,0.009982057645844911,0
sub-002,64,0.14625960959471104,0.04928437231299678,0
sub-002,65,0.24211407830903475,0.06902694923663945,0
sub-002,66,0.09133517582431651,0.0273268513262191,0
sub-002,67,0.16809701608790645,0.06798440349253877,0
sub-003,0,0.14084188494658456,0.03054178010802446,0
sub-003,1,0.08724402423403707,0.0245121460598398,0
sub-003,2,0.004043226238234837,0.0022140421100665404,0
sub-003,3,0.03103500188648965,0.012813223710386696,0
sub-003,4,0.3218023842409496,0.10584878101962027,0
sub-003,5,0.01850812055971773,0.01002019835244288,0
sub-003,6,0.07705241038363556,0.043859610340722735,0
sub-003,7,0.017800080586668064,0.00704326627386919,0
sub-003,8,0.2586793517954412,0.10017412235506591,0
sub-003,9,0.01210585196052583,0.004008498668875488,0
sub-003,10,0.01923338919505,0.0078070210165981134,0
sub-003,11,0.032570351314916396,0.014908987985393888,0
sub-003,12,0.025773004600087846,0.003874922873225759,0
sub-003,13,0.006840371367169905,0.0026212711977660346,0
sub-003,14,0.022690475376945095,0.010874727376060088,0
sub-003,15,0.05460577938591162,0.027113182009711946,0
sub-003,16,0.01615868777959238,0.0044353635689665955,0
sub-003,17,0.0015203065625507572,0.0006171581650074894,0
sub-003,18,0.022086151274875877,0.011022307958841912,0
sub-003,19,0.014349875119475424,0.008510641593735286,0
sub-003,20,0.054635712606141876,0.021202409808870015,0
sub-003,21,0.298933297865006,0.05186000547435758,0
sub-003,22,0.027788761533307123,0.011722891642309718,0
sub-003,23,0.7490513778267007,0.10419881810484798,1
sub-003,24,0.034601527237726235,0.020828205928010983,0
sub-003,25,0.02234072568945525,0.01086469551008258,0
sub-003,26,0.49524123397358355,0.23125873878904388,0
sub-003,27,0.017670494793055814,0.007660641094115986,0
sub-003,28,0.08148036273867698,0.024279740433111853,0
sub-003,29,0.02280470688516044,0.009071688136141736,0
sub-003,30,0.0659598433229994,0.06011526775862452,0
sub-003,31,0.01790039209465768,0.00548784331694802,0
sub-003,32,0.04405065968250731,0.018592496955490232,0
sub-003,33,0.04396569624580936,0.017229234289594286,0
sub-003,34,0.9301164547147479,0.03374431297975683,1
sub-003,35,0.5919823120498818,0.11044529414878748,0
sub-003,36,0.03534507866256819,0.010611659367814575,0
sub-003,37,0.7442237691196358,0.0861484220417513,0
sub-003,38,0.34885480093417287,0.05660916295972064,0
sub-003,39,0.9750942417011024,0.0069917386912025275,1
sub-003,40,0.9397862072661047,0.03003524130893789,0
sub-003,41,0.7568974314318699,0.05998826839601507,0
sub-003,42,0.4642095452418199,0.06072491002011167,0
sub-003,43,0.9190902805478343,0.020076501325857758,0
sub-003,44,0.3025833743029614,0.07504644692770648,0
sub-003,45,0.8499178103620559,0.04384878536385088,0
sub-003,46,0.34082302859072844,0.0716171567249155,0
sub-003,47,0.9982643353751814,0.0006052302698781012,0
sub-003,48,0.765339641476416,0.04103446232487427,0
sub-003,49,0.5081427838850421,0.06774971677431417,0
sub-003,50,0.26540432027284927,0.0819606849890872,0
sub-003,51,0.28022464326542745,0.052013056196922,0
sub-003,52,0.43938653425230545,0.09140074534232598,0
sub-003,53,0.20627766116164628,0.0782776465718185,0
sub-003,54,0.09423922877133853,0.04787569988332103,0
sub-003,55,0.49544515461881344,0.07329188700285365,0
sub-003,56,0.15257084922929817,0.049135327954717437,0
sub-003,57,0.2830078515913242,0.07398103616355937,0
sub-003,58,0.03277346424440316,0.011905995795337986,0
sub-003,59,0.5345141361809105,0.11433073310876941,0
sub-003,60,0.45537222930766286,0.11135460727542527,0
sub-003,61,0.3708031159874542,0.11274091858719441,0
sub-003,62,0.7836437146846723,0.07642523257385538,1
sub-003,63,0.9575538776476051,0.017139485970161118,0
sub-003,64,0.05450646426816928,0.02428610977368078,0
sub-003,65,0.37186705054785996,0.08058645499808363,0
sub-003,66,0.22352368722594956,0.10663780549683682,0
sub-003,67,0.6704437489265431,0.0837653860784668,0
sub-004,0,0.03979308677523509,0.02222912056277267,0
sub-004,1,0.03358700134470139,0.014291309453782859,0
sub-004,2,0.04353446072835547,0.018851305368889525,0
sub-004,3,0.30528748974823794,0.0910713456279847,0
sub-004,4,0.010103073578054693,0.004470485931003156,0
sub-004,5,0.0048910908489506804,0.0018349569918010302,0
sub-004,6,0.009211469509939365,0.0030825259778889977,0
sub-004,7,0.4917778725698188,0.05790885520299155,0
sub-004,8,0.1876976070358146,0.11089341407427145,0
sub-004,9,0.02206849374618154,0.01083354676401218,0
sub-004,10,0.06131073995049061,0.013961290306089285,0
sub-004,11,0.259218785547098,0.09009119552528255,0
sub-004,12,0.11110853642194826,0.047330460257297625,0
sub-004,13,0.04817678607017274,0.027624589962950526,0
sub-004,14,0.009890603450466686,0.004934121875570085,0
sub-004,15,0.5634989487847535,0.08733826319066806,0
sub-004,16,0.10545493486665194,0.03829109433467387,0
sub-004,17,0.2805101717317944,0.08055990600309332,0
sub-004,18,0.2137541925121691,0.0745906994255353,0
sub-004,19,0.10562743248540005,0.03125693694948589,0
sub-004,20,0.024158058694763788,0.01462986983199262,0
sub-004,21,0.4630906298937042,0.08973413264938233,0
sub-004,22,0.3821562493907949,0.091069052102711,0
sub-004,23,0.9101841015456043,0.0454594421902398,0
sub-004,24,0.737478697441627,0.049868268745464954,0
sub-004,25,0.2039941026721439,0.05110624991581259,0
sub-004,26,0.1131815121763234,0.04090128902799938,0
sub-004,27,0.11829555281028678,0.04549785459423844,0
sub-004,28,0.006119434338742245,0.0026261119026854494,0
sub-004,29,0.11019226234594601,0.05187239296064286,0
sub-004,30,0.19883510390959153,0.10317090843554146,0
sub-004,31,0.013777749081240364,0.009834306645557076,0
sub-004,32,0.013677276247384892,0.008861388652839057,0
sub-004,33,0.1167064007310323,0.057982200823889274,0
sub-004,34,0.04384668759133571,0.017242129460430144,0
sub-004,35,0.033707433862112,0.013461643342409886,0
sub-004,36,0.09039249185650017,0.05620530920054848,0
sub-004,37,0.311604994106468,0.08387731720789336,0
sub-004,38,0.06593880600589794,0.03800223030403716,0
sub-004,39,0.4332900408010377,0.11466520455613631,0
sub-004,40,0.36344947358486357,0.1403568703497837,0
sub-004,41,0.225318181452041,0.051932682870800786,1
sub-004,42,0.17671702294185648,0.07741787197749693,0
sub-004,43,0.7802614822022512,0.08016776674950872,0
sub-004,44,0.11844860126135433,0.042887797434199425,0
sub-004,45,0.7157736571968609,0.08585540605217665,0
sub-004,46,0.14271205531889164,0.0513556458661452,0
sub-004,47,0.24546450306121023,0.10226024552329972,0
sub-004,48,0.10877050899532581,0.04251148454012195,0
sub-004,49,0.6504038455704453,0.18641095236120658,1
sub-004,50,0.028309638517864194,0.013964373512012325,0
sub-004,51,0.09597453861354999,0.044216095735708845,0
sub-004,52,0.026575828003348678,0.005481985061022411,0
sub-004,53,0.40145330362084736,0.09137570386131826,0
sub-004,54,0.4655861576107031,0.1654085632133794,0
sub-004,55,0.35854373171302656,0.09642155187623584,0
sub-004,56,0.13558378822531267,0.05746068126987903,0
sub-004,57,0.25626894317318893,0.13391818383177706,0
sub-004,58,0.04268227677219887,0.018107039187459168,0
sub-004,59,0.03418903952903749,0.009041130922853184,0
sub-004,60,0.20378587914739996,0.07521904598723028,0
sub-004,61,0.5812251664311605,0.15289710950232732,0
sub-004,62,0.5445522030545015,0.11182721050432869,0
sub-004,63,0.1477590071783372,0.059037391522119474,0
sub-004,64,0.12977452045295262,0.03663549825333363,0
sub-004,65,0.658781359705042,0.09724424470047906,1
sub-004,66,0.06477300906166526,0.024799630046217557,0
sub-004,67,0.5484106080970327,0.15269704699023876,1
sub-009,0,0.1828907658758064,0.11722105243181666,0
sub-009,1,0.08416618092206833,0.026319180502960893,0
sub-009,2,0.20082940484347572,0.068565453829166,0
sub-009,3,0.13346579661645458,0.04190715511303436,0
sub-009,4,0.09755159204404121,0.02431797108933423,0
sub-009,5,0.18243099462719248,0.08070368984052015,0
sub-009,6,0.34645801402438187,0.05477231531700702,0
sub-009,7,0.3957435523811367,0.07999775021776141,0
sub-009,8,0.18128585726921315,0.03300209221792963,0
sub-009,9,0.6728338583097213,0.09657501107160607,0
sub-009,10,0.6191681648721356,0.10580737448131515,0
sub-009,11,0.4913120653884936,0.06169264887732103,0
sub-009,12,0.05655564816030162,0.021114234263946194,0
sub-009,13,0.657970397322277,0.07433282523162182,0
sub-009,14,0.05912864909154962,0.019748301703397985,0
sub-009,15,0.3073056796833266,0.058755787055223815,0
sub-009,16,0.5263861921791538,0.060655784856427815,0
sub-009,17,0.5509232192021811,0.08959447292124517,0
sub-009,18,0.32764078754644205,0.06005133060581542,0
sub-009,19,0.20922654910083077,0.0763678106776354,0
sub-009,20,0.4237231621662249,0.12311111427840127,0
sub-009,21,0.21086584246412476,0.051219622164637914,0
sub-009,22,0.396048090517306,0.12034544210639674,0
sub-009,23,0.038186772669675476,0.016351471574509162,0
sub-009,24,0.03754200302644074,0.017140453217502474,0
sub-009,25,0.7244058182166382,0.12761050925734613,0
sub-009,26,0.6651001565753356,0.07116881946080332,0
sub-009,27,0.6923443325762584,0.09814569348251857,0
sub-009,28,0.3121404266521364,0.07951162697398993,0
sub-009,29,0.7377193918300003,0.06300125220241523,1
sub-009,30,0.08382291236812786,0.043888861138054375,0
sub-009,31,0.4702574785102816,0.09757153651594555,0
sub-009,32,0.2169313149156204,0.031716863593593846,0
sub-009,33,0.9541484355335754,0.010923113696427487,1
sub-009,34,0.06312345634833574,0.025863964059220593,0
sub-009,35,0.12602712512263756,0.047897757028191934,0
sub-009,36,0.3232756338252356,0.0779271774815795,0
sub-009,37,0.7397961256372829,0.11449061485429064,1
sub-009,38,0.05771981280539477,0.023402457803031147,0
sub-009,39,0.4632623467607524,0.06099242364674893,0
sub-009,40,0.6087171573927043,0.1008372463309783,0
sub-009,41,0.4341294883853937,0.06493280249236653,0
sub-009,42,0.08120477694564553,0.028558850054011663,0
sub-009,43,0.15272977258526974,0.04178963928740529,0
sub-009,44,0.3751901847627658,0.08308926705069618,0
sub-009,45,0.8836241498532852,0.04396684093634779,0
sub-009,46,0.1146819882817258,0.04056615943671879,0
sub-009,47,0.1309081034109341,0.07702976664659952,0
sub-009,48,0.1641853546396979,0.04940015435921479,0
sub-009,49,0.33634007315488884,0.11593691014265166,0
sub-009,50,0.08765246546958146,0.027288863738036177,0
sub-009,51,0.05967479482897313,0.037573070912297064,0
sub-009,52,0.10815836422891564,0.04205184182704495,0
sub-009,53,0.7439867903895994,0.0839945306634476,1
sub-009,54,0.29386739713818866,0.0864302580492401,0
sub-009,55,0.17612945589351103,0.07950005464728489,0
sub-009,56,0.6731790791859,0.07719662591392071,1
sub-009,57,0.2574348595128765,0.10378887259636235,0
sub-009,58,0.062361525934068573,0.02829056825467996,0
sub-009,59,0.24108390288222115,0.07950305500400705,0
sub-009,60,0.11401151297013443,0.0547652544912054,0
sub-009,61,0.3620771787104298,0.12140555287012567,1
sub-009,62,0.13517203879730605,0.05753538020888618,0
sub-009,63,0.04738010819859024,0.013328478575354762,0
sub-009,64,0.17780911704504238,0.04758164545069861,0
sub-009,65,0.08428513648609273,0.02494734810379309,0
sub-009,66,0.07186049188232964,0.03405002018378673,0
sub-009,67,0.4776345175068128,0.14082066533448015,0
sub-016,0,0.6811074363085068,0.08371570246019187,0
sub-016,1,0.32042280773446913,0.08495024476325687,0
sub-016,2,0.010029103293197375,0.003976455457617349,0
sub-016,3,0.4952580049639625,0.1173140413262438,0
sub-016,4,0.027471502121966966,0.020204314897725322,0
sub-016,5,0.09214425127566564,0.023445306234375542,0
sub-016,6,0.5534616238046819,0.11066877762757875,0
sub-016,7,0.11695996595846052,0.04319458213315138,0
sub-016,8,0.9061546557326834,0.0315821632629939,0
sub-016,9,0.2782249582002614,0.10244847470738476,0
sub-016,10,0.26012886792661255,0.07769224349564112,0
sub-016,11,0.19311347497756504,0.052776799447156846,0
sub-016,12,0.03937634900661959,0.012463239613300347,0
sub-016,13,0.5544917533170582,0.08911021433814882,0
sub-016,14,0.09669603672070012,0.04224276045071394,0
sub-016,15,0.0705108065688917,0.02071479780797716,0
sub-016,16,0.06723678439062122,0.015381962133128183,0
sub-016,17,0.08663229132103385,0.04016095528509,0
sub-016,18,0.2316783607978991,0.0891596625983041,0
sub-016,19,0.19165233736830617,0.03347759665524262,0
sub-016,20,0.17903137400639701,0.07302220234288534,0
sub-016,21,0.29010690314747906,0.047828352941006166,0
sub-016,22,0.03811963409589171,0.016889297745636606,0
sub-016,23,0.20197157350223144,0.06865468912984393,0
sub-016,24,0.21750793873492452,0.11585276844252217,0
sub-016,25,0.004999782124798404,0.0017361997443308054,0
sub-016,26,0.05879118481642161,0.01651163349787655,0
sub-016,27,0.26720788242853555,0.07079899557348325,0
sub-016,28,0.6884075575405979,0.09171671963003981,0
sub-016,29,0.25008339025536097,0.068118633854717,0
sub-016,30,0.02751446494434464,0.01762514268467092,0
sub-016,31,0.0839423818812462,0.03364247385887903,0
sub-016,32,0.0603672256470402,0.017424577884414393,0
sub-016,33,0.09546082226602436,0.03486106142180166,0
sub-016,34,0.2359267010947959,0.07725148234558385,0
sub-016,35,0.9103858559712126,0.034222103761386985,1
sub-016,36,0.005513741172028739,0.0023250105542780316,0
sub-016,37,0.8737984381644054,0.03922659150797937,1
sub-016,38,0.09538962722089721,0.015143730949494838,0
sub-016,39,0.22539125343031344,0.05403227150475795,0
sub-016,40,0.350834972902056,0.05713418420043629,0
sub-016,41,0.07464039183033863,0.020621571772023096,0
sub-016,42,0.9234116779662456,0.03615271844786752,1
sub-016,43,0.11824074706065177,0.05083801720818534,0
sub-016,44,0.033430431318913795,0.011116273566841249,0
sub-016,45,0.33027748476828866,0.05975294027483832,0
sub-016,46,0.012283403260536825,0.004767634582745254,0
sub-016,47,0.060107716695209125,0.013504556881404417,0
sub-016,48,0.6844767239894458,0.07504491003259899,0
sub-016,49,0.08794455491944292,0.031046465891879472,0
sub-016,50,0.024266822347773345,0.014762725227391672,0
sub-016,51,0.001615214817296079,0.0006478137949462636,0
sub-016,52,0.009703522654442666,0.0027407864267842055,0
sub-016,53,0.7483199085709471,0.07533746330943107,0
sub-016,54,0.24429183501303706,0.0817808138330541,0
sub-016,55,0.4334385064055426,0.10028076773395117,0
sub-016,56,0.03993685228342976,0.010604828072953067,0
sub-016,57,0.7678825634891374,0.11757947527270833,0
sub-016,58,0.2749382903131429,0.06850491968805485,0
sub-016,59,0.09494554594339613,0.04032656105803887,0
sub-016,60,0.07701230548027829,0.023646660919935423,0
sub-016,61,0.8968124487958008,0.03367469489715784,1
sub-016,62,0.22248102825918967,0.07623550703118272,0
sub-016,63,0.40026696830753294,0.07364996031166181,0
sub-016,64,0.007487293075481105,0.0034595215303119026,0
sub-016,65,0.06885399506825886,0.020865231553134796,0
sub-016,66,0.14164810229660724,0.06899775120501327,0
sub-016,67,0.23956591130060884,0.1082303163965601,0
sub-020,0,0.09463158524716436,0.036766503630084706,0
sub-020,1,0.6869662182070597,0.03473351463026213,0
sub-020,2,0.44274097548173064,0.060407592144218494,0
sub-020,3,0.18168837055203368,0.048014661203183234,0
sub-020,4,0.26870283079884255,0.09476833358757883,0
sub-020,5,0.04742332221688468,0.016887637224427748,0
sub-020,6,0.03959219857989029,0.017472554966979255,0
sub-020,7,0.08156170384367614,0.02743417195851361,0
sub-020,8,0.935130910081404,0.02733888542795357,0
sub-020,9,0.10989300119799957,0.03545208122544907,0
sub-020,10,0.14193648475624215,0.07070586739258788,0
sub-020,11,0.5406343903605781,0.07260577426223738,0
sub-020,12,0.48700464465515586,0.06572532640168537,0
sub-020,13,0.04296621647897383,0.01457827344184808,0
sub-020,14,0.19948551637786052,0.04922197561759342,0
sub-020,15,0.852522841105111,0.01415885044981728,1
sub-020,16,0.4783374217799851,0.09028866617614825,0
sub-020,17,0.07418504101896473,0.026636300923020082,0
sub-020,18,0.3408316319713812,0.08387923959237933,0
sub-020,19,0.2361062022829928,0.06507346319106651,0
sub-020,20,0.16186995431336765,0.04815844295968963,0
sub-020,21,0.9273607162267515,0.03200449399462887,0
sub-020,22,0.15972539543344677,0.04146315474877077,0
sub-020,23,0.6500633273582616,0.03135420243050166,0
sub-020,24,0.5398401552491799,0.0899894742570428,0
sub-020,25,0.33097707746972993,0.07524047581966634,0
sub-020,26,0.742812306026493,0.04439249169758108,0
sub-020,27,0.3307644170429263,0.07111980532120057,0
sub-020,28,0.07257724657360244,0.0343415221115104,0
sub-020,29,0.0511466447737165,0.012998353900308046,0
sub-020,30,0.39225712150232017,0.09185587505907837,0
sub-020,31,0.3062224480963523,0.05941951275748877,0
sub-020,32,0.6640105756126575,0.10943228220723786,0
sub-020,33,0.23548018364141715,0.04750559363968933,0
sub-020,34,0.14892503907741786,0.0377380792341792,0
sub-020,35,0.7835842318543508,0.04399239426323631,0
sub-020,36,0.6046768104087045,0.09077387000808866,0
sub-020,37,0.4960819371565302,0.044817402445455394,0
sub-020,38,0.665301302521214,0.08949775713437894,0
sub-020,39,0.41866088694735826,0.07044049086926771,0
sub-020,40,0.3203513930060478,0.10500185604641432,0
sub-020,41,0.32640666779633093,0.06295848523355872,0
sub-020,42,0.7281341118503704,0.05767359831847315,0
sub-020,43,0.20783347324102083,0.06610831441308007,0
sub-020,44,0.28547033368686686,0.07981981781124571,0
sub-020,45,0.6331485507944075,0.1285677083387605,0
sub-020,46,0.4296007919926951,0.05134097681909063,0
sub-020,47,0.08009943280269272,0.03589940802860224,0
sub-020,48,0.7407567225176606,0.09749151759080306,1
sub-020,49,0.7099607891190335,0.03940902254643186,0
sub-020,50,0.2506940711709943,0.04164532871154414,0
sub-020,51,0.03141539154980706,0.012482214625350683,0
sub-020,52,0.18175581440704539,0.04172560211795965,0
sub-020,53,0.39396679485150543,0.08122942676469316,0
sub-020,54,0.351042329496334,0.08078478413321356,0
sub-020,55,0.8898759772604723,0.049692250370879286,1
sub-020,56,0.4837888794311122,0.0438905906673969,0
sub-020,57,0.9083764333010244,0.03321962422622473,0
sub-020,58,0.14788820055889165,0.028789360757390355,0
sub-020,59,0.6431238781146441,0.11801408988415565,0
sub-020,60,0.6221411897768225,0.11079643668749407,0
sub-020,61,0.1426872074546671,0.04842714179444427,0
sub-020,62,0.07707086191446685,0.026213862414149962,0
sub-020,63,0.2186506804461598,0.0360704294457988,0
sub-020,64,0.13718099134194503,0.05228436674917754,0
sub-020,65,0.2961467313624001,0.08051698807048731,0
sub-020,66,0.26396185343147777,0.08471180188537861,0
sub-020,67,0.6897276889514649,0.06708979623020747,1
sub-022,0,0.36388364260299716,0.09680762656016202,0
sub-022,1,0.06683206604256824,0.018492125476229603,0
sub-022,2,0.015401978815594006,0.006384305694205291,0
sub-022,3,0.9992103943903705,0.000257537049792152,0
sub-022,4,0.170260997078529,0.03749487303708001,0
sub-022,5,0.9808712922734102,0.009274066559032281,0
sub-022,6,0.5197668564636342,0.10543533591653771,0
sub-022,7,0.14500215480615192,0.050421392467607955,0
sub-022,8,0.9876352885116866,0.005968879508904409,0
sub-022,9,0.9138892773479462,0.02140544647282193,0
sub-022,10,0.013284991508247754,0.006565842599467976,0
sub-022,11,0.9980743619817247,0.0007023248220421138,1
sub-022,12,0.0007866139206258782,0.0002428921305622216,0
sub-022,13,0.1562311840956418,0.06364033484788478,0
sub-022,14,0.990254254363421,0.0037448196304919763,0
sub-022,15,0.2593574297523198,0.07769573348375028,0
sub-022,16,0.012186315354734818,0.005595410760455258,0
sub-022,17,0.012566621821983245,0.006830228666245598,0
sub-022,18,0.0015261527947120755,0.0008311774910518839,0
sub-022,19,0.925142966493809,0.023901776208507773,0
sub-022,20,0.49227567703655106,0.08785189061445854,0
sub-022,21,0.5009877147963476,0.11200843041419495,0
sub-022,22,0.05155863855444528,0.01871065768172233,0
sub-022,23,0.8631267958740139,0.03790204108273767,0
sub-022,24,0.02327353903172747,0.00957526158684981,0
sub-022,25,0.0030989197645564705,0.0011229059822019018,0
sub-022,26,0.030916292449616162,0.014743566030649817,0
sub-022,27,0.9654633176515188,0.014478567512064083,0
sub-022,28,0.319999995946912,0.07566364302693208,0
sub-022,29,0.06628679187342763,0.019981777568242293,0
sub-022,30,0.005360303312282435,0.0020984761567146037,0
sub-022,31,0.018739500915012936,0.007772141913070464,0
sub-022,32,0.045543921594236696,0.01381855211637387,0
sub-022,33,0.030732408682599882,0.009172529500557577,0
sub-022,34,0.02034299700767794,0.006920440621490968,0
sub-022,35,0.22452293515590216,0.0673806863350168,0
sub-022,36,0.01685626901344647,0.00625030379922017,0
sub-022,37,0.7525062170086494,0.061779769262269496,0
sub-022,38,0.07015221421048905,0.024860533632176846,0
sub-022,39,0.06993399151533866,0.026485612450559654,0
sub-022,40,0.011940316661038671,0.004464717100621213,0
sub-022,41,0.17976800024574796,0.0894810831526501,0
sub-022,42,0.9806044237702519,0.006234594537061882,1
sub-022,43,0.06827113616642541,0.022939423430703862,0
sub-022,44,0.01242399621672437,0.00816116664899491,0
sub-022,45,0.8693905648967343,0.038399353937595415,0
sub-022,46,0.009256360324867652,0.002252870332838247,0
sub-022,47,0.04149525640029088,0.046000205677477236,0
sub-022,48,0.1255127542545797,0.056130618518425664,0
sub-022,49,0.3397783431283541,0.10125373663781057,0
sub-022,50,0.011314697661565927,0.0031888921435227137,0
sub-022,51,0.007515897040791396,0.0032603748991830214,0
sub-022,52,0.00528856523797477,0.002021721639301985,0
sub-022,53,0.3490628888917102,0.08679382054194693,0
sub-022,54,0.7474528860954385,0.07750243088491407,0
sub-022,55,0.3993184305892652,0.08096818115150656,0
sub-022,56,0.03641918569508741,0.01994047532500269,0
sub-022,57,0.6242406540292217,0.09803547430589571,0
sub-022,58,0.04573272332623442,0.023429079523571695,0
sub-022,59,0.012801531152328804,0.004277861630430534,0
sub-022,60,0.008798447356107079,0.003502672540892735,0
sub-022,61,0.6889234312516346,0.13705035463333717,0
sub-022,62,0.06693482174139018,0.030628289729368763,0
sub-022,63,0.3676632776922474,0.08919249429926868,0
sub-022,64,0.003739527937311265,0.0017035592750314927,0
sub-022,65,0.031486794842839866,0.012676703040543573,0
sub-022,66,0.04596808085199962,0.010356499876190126,0
sub-022,67,0.024607564954171914,0.010760138338655068,0
sub-027,0,0.06787014494321096,0.01696566297937307,0
sub-027,1,0.0878977525602295,0.017923898462887475,0
sub-027,2,0.179458657465717,0.06075643704742432,0
sub-027,3,0.03443495787583156,0.015808752115197052,0
sub-027,4,0.02987582645117327,0.012167901695392128,0
sub-027,5,0.30401125497118997,0.07768046664367811,0
sub-027,6,0.11193707870816424,0.046649297496297024,0
sub-027,7,0.03225797742694068,0.010313631626273261,0
sub-027,8,0.10815335209477192,0.04524471100977981,0
sub-027,9,0.017040032611891853,0.00788533053884896,0
sub-027,10,0.0646520809163301,0.030241000495804377,0
sub-027,11,0.03914748511622366,0.013888362214173852,0
sub-027,12,0.045382180719921394,0.017492923394518543,0
sub-027,13,0.0501698880826266,0.02141293211739182,0
sub-027,14,0.04758627925530713,0.026805236524937846,0
sub-027,15,0.11350841228369073,0.057310004320652086,0
sub-027,16,0.4989838941189818,0.1605424514031544,1
sub-027,17,0.3110417806077151,0.12520960630700687,0
sub-027,18,0.3494804589289387,0.09429100781751211,0
sub-027,19,0.07294361503063601,0.02893237769688683,0
sub-027,20,0.34873910947232156,0.07425432699235064,0
sub-027,21,0.12107819409141599,0.036489614679806354,0
sub-027,22,0.06743993589117123,0.015739147573587776,0
sub-027,23,0.05528569325706808,0.01564083734638043,0
sub-027,24,0.0314742018205401,0.006809085530641357,0
sub-027,25,0.22599692748214606,0.04846290838005554,0
sub-027,26,0.08453740216018035,0.028235123296270388,0
sub-027,27,0.06643759327468879,0.03228372865440463,0
sub-027,28,0.16482343196272067,0.04789495653261033,0
sub-027,29,0.35085892224459037,0.11300152730527807,1
sub-027,30,0.07401628822365841,0.023084756646822895,0
sub-027,31,0.060919987001456385,0.026963965047372196,0
sub-027,32,0.1737894276048261,0.06371144834744077,0
sub-027,33,0.009788985298389546,0.00525866153580094,0
sub-027,34,0.08210422407645328,0.026069132959884524,0
sub-027,35,0.23658050507541656,0.08139314703223144,1
sub-027,36,0.2744918402779656,0.11231216698097858,0
sub-027,37,0.1513140691254279,0.03268322448232245,1
sub-027,38,0.05817417643039955,0.031100077114107658,0
sub-027,39,0.02581428147161236,0.010229321302318602,0
sub-027,40,0.21201465361683053,0.03711234373299443,0
sub-027,41,0.007529739971941724,0.004026556508145975,0
sub-027,42,0.034510236562364766,0.01197096348961319,0
sub-027,43,0.10604623480715414,0.047649794995753725,0
sub-027,44,0.07059704309836767,0.02080941864422601,0
sub-027,45,0.16993448760504742,0.050147954275181865,0
sub-027,46,0.03565298745863138,0.014983651978035927,0
sub-027,47,0.070316202064566,0.039743300963336864,0
sub-027,48,0.167358570538586,0.08739518495346113,0
sub-027,49,0.10199814359332644,0.04846476420145624,0
sub-027,50,0.17754247412937896,0.030789054140975044,0
sub-027,51,0.6132900020417994,0.11743172898139154,1
sub-027,52,0.2576476804561601,0.052358899422341815,0
sub-027,53,0.1102562246959655,0.03175175699491909,0
sub-027,54,0.15818661722839697,0.04535089892447919,0
sub-027,55,0.03743922542792915,0.012180586166101596,0
sub-027,56,0.18836148944226466,0.03606322989269433,0
sub-027,57,0.257286474625363,0.060641776627518844,1
sub-027,58,0.059307631242440095,0.021787976136408396,0
sub-027,59,0.26091703987401155,0.08120831654226782,0
sub-027,60,0.054549107197725044,0.015021096938935344,0
sub-027,61,0.04302715690501911,0.01376855472348888,0
sub-027,62,0.03214277694408044,0.013230875450326295,0
sub-027,63,0.12183520280921592,0.04580258857497964,0
sub-027,64,0.19890249908784022,0.043286693355827105,0
sub-027,65,0.11689965637360633,0.03653481284542087,0
sub-027,66,0.22785157628752586,0.13467100022374595,0
sub-027,67,0.01770670212206741,0.006308979818221053,0
sub-048,0,0.13793992571838104,0.030160678637751452,0
sub-048,1,0.15978487555087417,0.06915491667978275,0
sub-048,2,0.67472825550568,0.06550616091230724,0
sub-048,3,0.6423812983409954,0.10824047730979272,0
sub-048,4,0.036722919318843236,0.00900655448220447,0
sub-048,5,0.07427857124687605,0.03377665462000027,0
sub-048,6,0.37144031119223075,0.109850097023613,0
sub-048,7,0.13455866084889342,0.05367313760296982,0
sub-048,8,0.7551609991609303,0.07223002672532003,0
sub-048,9,0.3200842516466216,0.11154336461767309,0
sub-048,10,0.668745655293643,0.07155968522090789,0
sub-048,11,0.10260344978216929,0.038151650424632866,0
sub-048,12,0.0796068719749188,0.04499733771034208,0
sub-048,13,0.1516189726690172,0.051886112706429,0
sub-048,14,0.0949484082452565,0.028648787149709688,0
sub-048,15,0.6784287611898627,0.04246340993577961,0
sub-048,16,0.838574746513516,0.053829970809589484,0
sub-048,17,0.028237907032610022,0.007374369625337649,0
sub-048,18,0.3582836238560232,0.08017659686224472,0
sub-048,19,0.13090012292738099,0.06671933869675292,0
sub-048,20,0.6804853566298721,0.1293107434529171,0
sub-048,21,0.040303209269161734,0.016668916476546024,0
sub-048,22,0.9954666097639107,0.0018448148789667598,0
sub-048,23,0.3880131648152561,0.09648447404606827,0
sub-048,24,0.1759336066187599,0.04322086866478697,0
sub-048,25,0.9251065047509069,0.014455503413112022,0
sub-048,26,0.6841403287620171,0.1183287887056247,0
sub-048,27,0.46627966817183575,0.1047482336519487,0
sub-048,28,0.02756448705599714,0.01255871314973012,0
sub-048,29,0.868642372161446,0.05651849421741518,0
sub-048,30,0.06270326016979602,0.027086833422182245,0
sub-048,31,0.010601199109810406,0.0033613417849752787,0
sub-048,32,0.4945386767305785,0.1294728421543542,0
sub-048,33,0.6665212827557019,0.06383368441593802,0
sub-048,34,0.026789109951317468,0.01612142383601633,0
sub-048,35,0.03777678425433564,0.020375365382566343,0
sub-048,36,0.978565795762381,0.007808471495746514,1
sub-048,37,0.20394308133772016,0.03589250443622993,0
sub-048,38,0.24334589389530623,0.07428780432545394,0
sub-048,39,0.34374421377787834,0.11200754468087484,0
sub-048,40,0.7996809291305915,0.04600422548710929,0
sub-048,41,0.5099020560244469,0.13465433892665477,0
sub-048,42,0.10891940450061766,0.05133069501893123,0
sub-048,43,0.14110938099199516,0.04589871122769729,0
sub-048,44,0.2647522035092553,0.09350560326951897,0
sub-048,45,0.08750418272057951,0.05701376706310559,0
sub-048,46,0.04818682613767716,0.020249964655425896,0
sub-048,47,0.38080500794240035,0.13419252819821412,0
sub-048,48,0.1585534651260193,0.07082411123476288,0
sub-048,49,0.44563141420071445,0.08208619599958336,0
sub-048,50,0.5897596631168467,0.12245648071871695,0
sub-048,51,0.10565868265237255,0.05204412733660924,0
sub-048,52,0.6519132829431178,0.08305644919419512,0
sub-048,53,0.2033360706790039,0.06617467079242949,0
sub-048,54,0.9890879179213282,0.004032363071641474,0
sub-048,55,0.575606657397638,0.09534209832739785,0
sub-048,56,0.9563362708977576,0.012019912315167665,0
sub-048,57,0.20900746345858598,0.06884692282200906,0
sub-048,58,0.02426284236882325,0.008980533897515082,0
sub-048,59,0.9330368729943401,0.026422766397428025,0
sub-048,60,0.8352008192201359,0.05885039921979728,1
sub-048,61,0.866901557552642,0.04159346816435257,0
sub-048,62,0.1461493270038195,0.05905767119822993,0
sub-048,63,0.18330145087311991,0.044910573920718344,0
sub-048,64,0.09490336355311789,0.0443083172098859,0
sub-048,65,0.18381262458723663,0.04661568978512933,0
sub-048,66,0.09498537364195765,0.04788019516920637,0
sub-048,67,0.9826076831446692,0.005850305844290815,0
sub-055,0,0.7326165218538446,0.07075008955941782,1
sub-055,1,0.02148647981398298,0.010971560071760774,0
sub-055,2,0.04455458139650369,0.0186372753790295,0
sub-055,3,0.14971851880158166,0.04311482623023181,0
sub-055,4,0.07123799094341769,0.02281815615669521,0
sub-055,5,0.5802046723428796,0.08974624984246768,0
sub-055,6,0.6279193477302986,0.08034583796046756,0
sub-055,7,0.4921209812895917,0.08535307338164819,1
sub-055,8,0.03279672128132102,0.013165657047095223,0
sub-055,9,0.23680850462378214,0.0852442517055165,0
sub-055,10,0.015698763220748334,0.005586874893803796,0
sub-055,11,0.50223808530977,0.08750331575672746,1
sub-055,12,0.055386033680254854,0.030906333247681408,0
sub-055,13,0.4454037992958332,0.08721977968843381,0
sub-055,14,0.15878746944229916,0.05704027996270588,0
sub-055,15,0.01798334098427662,0.01104160124137698,0
sub-055,16,0.07258607767303417,0.0181599101793601,0
sub-055,17,0.018554912040009572,0.01135626062013854,0
sub-055,18,0.06096788857244312,0.024880837817091335,0
sub-055,19,0.35912669254638224,0.09685370059527143,0
sub-055,20,0.14153553717984996,0.03959395243954772,0
sub-055,21,0.05634262511612618,0.025129854939343048,0
sub-055,22,0.07642749838782234,0.030710721111961853,0
sub-055,23,0.024421648847376454,0.008231596136927347,0
sub-055,24,0.004989965333200418,0.0025001430761436624,0
sub-055,25,0.06516923098326821,0.03710719758694715,0
sub-055,26,0.004242198099996911,0.002074530310973811,0
sub-055,27,0.5467189575105629,0.10205130384242247,0
sub-055,28,0.7914405191273244,0.11568718905721527,0
sub-055,29,0.4593041007576903,0.11500996960912327,0
sub-055,30,0.008358503642218532,0.004432997103452204,0
sub-055,31,0.17803876169489422,0.07231360479337841,0
sub-055,32,0.20020354835020338,0.07469508790606764,0
sub-055,33,0.12348733536920835,0.03858788507284674,0
sub-055,34,0.7048127384943552,0.11930733708762051,0
sub-055,35,0.6890217907020288,0.10282468615918693,0
sub-055,36,0.015054823230129891,0.004562715047465268,0
sub-055,37,0.26422556362271143,0.08145498731827998,0
sub-055,38,0.04064576264637404,0.018114188846456547,0
sub-055,39,0.040179805474497,0.018576449340660148,0
sub-055,40,0.35206604325366286,0.07620177903091259,0
sub-055,41,0.20592215164512845,0.08188305623539112,0
sub-055,42,0.7125564930550474,0.10785484591230475,1
sub-055,43,0.09873993880870661,0.05498126461084945,0
sub-055,44,0.05371175172791494,0.020130211193678537,0
sub-055,45,0.01682339700054201,0.006044558849456292,0
sub-055,46,0.02434378934030454,0.014257304373506674,0
sub-055,47,0.2073863210931774,0.07980629558321686,0
sub-055,48,0.16511471982795753,0.06519788208883968,0
sub-055,49,0.019489083823510747,0.009061717075431727,0
sub-055,50,0.028909326679053982,0.007092243996625393,0
sub-055,51,0.40184101631685876,0.0738075669444419,0
sub-055,52,0.034523002708583606,0.007913165811666635,0
sub-055,53,0.2345012541726112,0.08465358151693311,0
sub-055,54,0.015846907562509525,0.0036436194840680208,0
sub-055,55,0.009114772044601859,0.005171856680776853,0
sub-055,56,0.006452821625229238,0.0022899096012361686,0
sub-055,57,0.06886989574097582,0.0345732299478016,0
sub-055,58,0.015229748310847327,0.006677966044878167,0
sub-055,59,0.028570037804968352,0.017417539396874723,0
sub-055,60,0.008566687824552065,0.0042894129577842185,0
sub-055,61,0.11219620108832914,0.09388317062766334,0
sub-055,62,0.9389630354384406,0.026021580678111625,0
sub-055,63,0.695862117470308,0.08329981017387222,0
sub-055,64,0.00576618718104562,0.0028204780975157996,0
sub-055,65,0.011955449246213442,0.0048868252855391375,0
sub-055,66,0.45308002144710546,0.08636473235589494,0
sub-055,67,0.2221857015174157,0.1269276347884482,0
sub-057,0,0.0212549778935511,0.00756307336613039,0
sub-057,1,0.17351057350054877,0.06684105737736407,0
sub-057,2,0.28473076539926867,0.14919757513063242,0
sub-057,3,0.4313790769986817,0.0764496913238359,1
sub-057,4,0.26322999487661897,0.0651954452992948,1
sub-057,5,0.2801755328125071,0.10429977110581753,0
sub-057,6,0.03730182105676582,0.00759520735028725,0
sub-057,7,0.3652964220047798,0.08659805465110247,0
sub-057,8,0.7039137770709971,0.11708786880334582,1
sub-057,9,0.19365248316048378,0.06610729394895448,0
sub-057,10,0.014272617070037654,0.005314277862037138,0
sub-057,11,0.4618330683432984,0.10192354641567314,0
sub-057,12,0.08673639382955176,0.03223483739836058,0
sub-057,13,0.14966975596545512,0.03425388167345696,0
sub-057,14,0.20647627432819093,0.03966268325115121,1
sub-057,15,0.06255401211437153,0.01684089543317898,0
sub-057,16,0.16511376735500943,0.054360132284280764,0
sub-057,17,0.06038928112193952,0.019541559409401353,0
sub-057,18,0.06839338585763105,0.024085973454182008,0
sub-057,19,0.7927151471901903,0.048889077261576715,1
sub-057,20,0.045231217372850005,0.016860863786422965,0
sub-057,21,0.9334440260844593,0.020282406879067714,0
sub-057,22,0.08316888160155231,0.03212355837147929,0
sub-057,23,0.9383565282951224,0.013866815133963283,0
sub-057,24,0.668996560119833,0.10787753484667718,0
sub-057,25,0.050610542980359954,0.02001328402756158,0
sub-057,26,0.04004948040805019,0.019026648380173008,0
sub-057,27,0.4449658681877625,0.10683903058771435,0
sub-057,28,0.06682703739679532,0.018657429264034884,0
sub-057,29,0.05142027019591686,0.01589979071434595,0
sub-057,30,0.005326488619944876,0.0027983305743395854,0
sub-057,31,0.05206775351412394,0.01706971753452414,0
sub-057,32,0.017105251308403745,0.009627249034334212,0
sub-057,33,0.08220865378983125,0.03170642064621516,0
sub-057,34,0.01616032306460579,0.006067776487592602,0
sub-057,35,0.20143863919546617,0.04437558027050142,0
sub-057,36,0.2981864169122891,0.08310364908619419,0
sub-057,37,0.8585245118561993,0.035351602386779195,0
sub-057,38,0.04366660460928393,0.015849063470036912,0
sub-057,39,0.08492580109822948,0.036209613861105494,0
sub-057,40,0.07275938067022351,0.015073410203339724,0
sub-057,41,0.13553742561873622,0.07052094507122222,0
sub-057,42,0.44349315846153753,0.1243951218236435,0
sub-057,43,0.15853955563873573,0.04793968855281357,0
sub-057,44,0.08799832196747073,0.025849680448350412,0
sub-057,45,0.12585403823348976,0.046242739700710654,0
sub-057,46,0.033551342777891804,0.01317731001740866,0
sub-057,47,0.05461125434116489,0.01746309584195042,0
sub-057,48,0.23194257225741288,0.0923244730594269,0
sub-057,49,0.24781765317402052,0.09327143271878034,0
sub-057,50,0.7645762064054809,0.08298457519544755,1
sub-057,51,0.2597858068843474,0.06944235732082385,0
sub-057,52,0.1944014654759471,0.07407967835456725,0
sub-057,53,0.337652672045219,0.06551058917764876,0
sub-057,54,0.0681788116889193,0.029359083965169806,0
sub-057,55,0.10885583740458867,0.03885906253758285,0
sub-057,56,0.3116288679751083,0.08748464787699442,0
sub-057,57,0.5746370100101691,0.1341929495178767,0
sub-057,58,0.08410925651738625,0.029632051316414738,0
sub-057,59,0.12834101806415038,0.04379734805799248,0
sub-057,60,0.09910773387506651,0.040472033085985924,0
sub-057,61,0.6414342090214695,0.10340117854144129,0
sub-057,62,0.06281728666870119,0.02650679181873041,0
sub-057,63,0.26911032552593384,0.09778228828339398,0
sub-057,64,0.003926562252797194,0.00222901358876556,0
sub-057,65,0.01751183420237081,0.008888150122299066,0
sub-057,66,0.06561353233613074,0.02666156846224397,0
sub-057,67,0.23726680151418145,0.06880429946438502,0
sub-061,0,0.02947002532942681,0.01607601679204806,0
sub-061,1,0.045934013777098714,0.013286929316029036,0
sub-061,2,0.5958158420589195,0.0816047612858258,0
sub-061,3,0.5745497628310565,0.11413719788209511,0
sub-061,4,0.029259421462121404,0.014402485692492301,0
sub-061,5,0.28306773813206976,0.0702666538491222,0
sub-061,6,0.14588408139043318,0.04889972374845638,0
sub-061,7,0.2641173284944002,0.07526756173174792,0
sub-061,8,0.18654199530779494,0.056066053628126916,0
sub-061,9,0.33529155997424304,0.06325577108872932,0
sub-061,10,0.005591723042500567,0.0025355384368993773,0
sub-061,11,0.04859652067459798,0.02235112449473036,0
sub-061,12,0.029819873841520784,0.011551932715895415,0
sub-061,13,0.022020142669593578,0.006286146270314203,0
sub-061,14,0.6435745019472585,0.10454741401123259,0
sub-061,15,0.33531259766166677,0.09304845848214435,0
sub-061,16,0.007297174960099406,0.002466616900363068,0
sub-061,17,0.0065533232684463,0.003382699992011363,0
sub-061,18,0.10915425296389444,0.045606686505456975,0
sub-061,19,0.054781480530485274,0.01984975405168267,0
sub-061,20,0.3426195307555416,0.06881567760654064,0
sub-061,21,0.8587070963123343,0.03828359652440799,0
sub-061,22,0.6608976292044615,0.07156268865549886,1
sub-061,23,0.5028520913857525,0.088538563445508,0
sub-061,24,0.05226083294244858,0.016584539237816064,0
sub-061,25,0.05795993598477008,0.014828574551925761,0
sub-061,26,0.31700694676040564,0.07506633987646943,0
sub-061,27,0.6009130061217772,0.11091402596892254,0
sub-061,28,0.05788249481116899,0.02091399592689717,0
sub-061,29,0.18793732131715057,0.06090689142025499,0
sub-061,30,0.012897729912020577,0.0036096074547970185,0
sub-061,31,0.24853392883220143,0.07421630761018949,0
sub-061,32,0.08417899463077472,0.06033893786811683,0
sub-061,33,0.10348095403892939,0.03610867835321743,0
sub-061,34,0.04186191775886132,0.01253763101534828,0
sub-061,35,0.4198294360926879,0.10382731954975964,0
sub-061,36,0.17013533043072873,0.03241991437242929,0
sub-061,37,0.044302157427591984,0.01360982998655797,0
sub-061,38,0.06887123294908899,0.02261237405177789,0
sub-061,39,0.11158305773360763,0.03461201453898745,0
sub-061,40,0.15485234277900353,0.06480421406323535,0
sub-061,41,0.1647931958942815,0.06697059078560953,0
sub-061,42,0.24352067555964246,0.11393453389498595,0
sub-061,43,0.09906537495041395,0.02682412731276562,0
sub-061,44,0.06877431244930135,0.025206272641422004,0
sub-061,45,0.03449125734945109,0.01092890929684758,0
sub-061,46,0.045900430630088515,0.020382868280543334,0
sub-061,47,0.13180024195967882,0.04440395185144632,0
sub-061,48,0.16711985983786867,0.05870570161380437,0
sub-061,49,0.7219743817348471,0.1046848459053855,0
sub-061,50,0.5958906671566432,0.0786825206191231,0
sub-061,51,0.1139605200458353,0.025848621609813237,0
sub-061,52,0.10012789805723046,0.03601448969833949,0
sub-061,53,0.03407419130044822,0.011515670783015878,0
sub-061,54,0.3578482916639586,0.10504321935386449,0
sub-061,55,0.7236193232163797,0.08764839774406098,1
sub-061,56,0.5758554211857367,0.13366545023251375,0
sub-061,57,0.2143783990189238,0.12351866228917571,0
sub-061,58,0.07999656597440521,0.01902221628702299,0
sub-061,59,0.030763254111887284,0.008099548543859934,0
sub-061,60,0.597665564755118,0.12260077652061283,0
sub-061,61,0.938502237930828,0.029749179024150342,0
sub-061,62,0.29581712017060907,0.08704637569501907,0
sub-061,63,0.6110690259035014,0.07485262154819744,0
sub-061,64,0.004259101555444237,0.0013226120134262331,0
sub-061,65,0.053466699740739754,0.013344821838414279,0
sub-061,66,0.40622402464250407,0.13935885584347518,0
sub-061,67,0.14523773204897644,0.07025537936500106,0
sub-066,0,0.32996375864101485,0.07192075254899963,0
sub-066,1,0.9106098077766474,0.028623359728069914,0
sub-066,2,0.1567856057297118,0.05769050289576,0
sub-066,3,0.23321185163511177,0.05783192482998835,0
sub-066,4,0.2622876692065052,0.056037687953886035,0
sub-066,5,0.663120382478741,0.10020769446511409,0
sub-066,6,0.45848270716889933,0.1432788730285877,0
sub-066,7,0.851662297288096,0.04720115745445513,1
sub-066,8,0.6629398391221482,0.06950965197604451,0
sub-066,9,0.8701401519849273,0.0162295124669631,0
sub-066,10,0.5999049408426587,0.050029917224704255,0
sub-066,11,0.6362254666220892,0.0746436180090553,0
sub-066,12,0.9856820637694848,0.006475967164829425,0
sub-066,13,0.7758931910429887,0.08373730439158346,0
sub-066,14,0.8234257313698669,0.055641838197331456,0
sub-066,15,0.47883881240417986,0.09996995636455343,0
sub-066,16,0.5058707006595211,0.12433186040532317,0
sub-066,17,0.4332645698760048,0.09631874467051131,0
sub-066,18,0.5019397134004092,0.10756232450284713,0
sub-066,19,0.6345409185534086,0.0882839704697007,0
sub-066,20,0.515538835650047,0.11142959144861916,0
sub-066,21,0.9449836006659875,0.016564279319247723,0
sub-066,22,0.680889085777208,0.07444290654533176,0
sub-066,23,0.8614066883086388,0.04150766412505235,0
sub-066,24,0.16107180899544543,0.06468904024171017,0
sub-066,25,0.31860732869265324,0.12956868310350597,0
sub-066,26,0.3586158496643685,0.09674294484937004,0
sub-066,27,0.7828566134760604,0.07558766302617194,0
sub-066,28,0.8223912896921565,0.06062476505031844,0
sub-066,29,0.5992670086699785,0.11477442840303043,0
sub-066,30,0.021222788733627262,0.007268821147216968,0
sub-066,31,0.5195081581218883,0.10631624788791223,0
sub-066,32,0.9691824438150116,0.010426723174927143,1
sub-066,33,0.7940959928003084,0.1080257279401337,0
sub-066,34,0.043209223362766,0.011002446041068188,0
sub-066,35,0.28881514735177705,0.0698683583003121,0
sub-066,36,0.06756560209016695,0.03187202050864456,0
sub-066,37,0.12152861504872967,0.0750352541837497,0
sub-066,38,0.051580417863828665,0.02723155893238808,0
sub-066,39,0.029691126289817443,0.011404977543635644,0
sub-066,40,0.16945238547781868,0.03870391066167038,0
sub-066,41,0.13091042580486661,0.03709994043040167,0
sub-066,42,0.2828552410623423,0.08015262780141005,0
sub-066,43,0.07265716492411832,0.017131311927397294,0
sub-066,44,0.13740872334483265,0.06639380035283496,0
sub-066,45,0.08707846247866727,0.021731760244788956,0
sub-066,46,0.2655432390604311,0.05455862679290834,0
sub-066,47,0.41264332369740525,0.07932602545198471,0
sub-066,48,0.29415977364724555,0.0935611956646621,0
sub-066,49,0.3034695976576236,0.06242139722029931,0
sub-066,50,0.020168229377874537,0.011651737848254143,0
sub-066,51,0.06837123614182103,0.018908833129815984,0
sub-066,52,0.0035205671446118074,0.0018453053812556254,0
sub-066,53,0.16646268808574366,0.0296486888289697,0
sub-066,54,0.27749898813312024,0.07325056369890096,0
sub-066,55,0.2043083232332589,0.08141623631982756,0
sub-066,56,0.15223829366633412,0.04515560190679839,0
sub-066,57,0.17870519145674163,0.06686186943583008,0
sub-066,58,0.12694392095621967,0.06836765387521779,0
sub-066,59,0.1761680627937129,0.04441151365070819,0
sub-066,60,0.20044443359244685,0.04728260041734206,0
sub-066,61,0.5749585540471405,0.09329593082544255,0
sub-066,62,0.08736259469065985,0.0333322903838002,0
sub-066,63,0.02413435169727763,0.012960136370917912,0
sub-066,64,0.07008325513689735,0.027909083166254095,0
sub-066,65,0.014711424866933312,0.004371251608350281,0
sub-066,66,0.033706102761569476,0.013502576369464597,0
sub-066,67,0.04139725088950237,0.02005480372036234,0
sub-069,0,0.3968425296173833,0.06308276073026418,0
sub-069,1,0.6400932392346504,0.07726009886909029,0
sub-069,2,0.2899727942984172,0.08292089829019281,0
sub-069,3,0.3786757035372236,0.10012630110096148,0
sub-069,4,0.679624058577858,0.048567014054658145,0
sub-069,5,0.7012153128263927,0.06202756400664298,1
sub-069,6,0.40364559006986606,0.06652559193984095,1
sub-069,7,0.8230941935652311,0.04325555351896533,1
sub-069,8,0.8153721241873692,0.07239985533874865,1
sub-069,9,0.3772769699380939,0.0868038470638962,0
sub-069,10,0.3442649616304578,0.11264928583465735,1
sub-069,11,0.8113902792504863,0.043176161328700405,0
sub-069,12,0.2557096866079697,0.0582742144403377,0
sub-069,13,0.46954474661300455,0.12331363983348446,1
sub-069,14,0.9386004229302808,0.011511771131537833,1
sub-069,15,0.38434757170330175,0.08196611092885608,0
sub-069,16,0.5936726492967672,0.11489869832245193,0
sub-069,17,0.22015850422098607,0.05006509643059964,0
sub-069,18,0.18591942443085008,0.049306383656683384,0
sub-069,19,0.5194785203346319,0.12410849142224983,0
sub-069,20,0.6785830824851808,0.10343359433629822,0
sub-069,21,0.3635940538752015,0.07803860411151853,0
sub-069,22,0.5574524711206698,0.0700065383375583,0
sub-069,23,0.8389450065928633,0.0340912596437358,0
sub-069,24,0.3055647723068083,0.08660063068080573,0
sub-069,25,0.19522428658244073,0.061139379812310435,0
sub-069,26,0.519927079820838,0.07961029749749067,0
sub-069,27,0.40374680807770763,0.08044575610425163,0
sub-069,28,0.45721535502453553,0.09354422027297478,0
sub-069,29,0.52464552408075,0.08012510486592611,0
sub-069,30,0.1697287696247277,0.07145597752580582,0
sub-069,31,0.5745090482700352,0.0806278949896443,0
sub-069,32,0.7078723752419519,0.05391087629465992,1
sub-069,33,0.4223267859212071,0.07035305129572798,0
sub-069,34,0.3266046732591602,0.040787953181213185,0
sub-069,35,0.1056750850099597,0.03680606151301689,0
sub-069,36,0.702298409951123,0.055047800801195805,1
sub-069,37,0.21788376061977094,0.052686084154763134,0
sub-069,38,0.37048790426730926,0.06905538017279063,0
sub-069,39,0.4408605875341819,0.0685605137367313,0
sub-069,40,0.5590339101267454,0.052363054036818533,0
sub-069,41,0.5385531018525803,0.0893786635454221,0
sub-069,42,0.2914423042463834,0.05264819380591761,0
sub-069,43,0.3079479335435163,0.11344837394663464,0
sub-069,44,0.31343808226414505,0.09330954797162305,0
sub-069,45,0.4232188450083415,0.05862826813144328,0
sub-069,46,0.14885922719737707,0.048716148646224706,0
sub-069,47,0.29073626309910183,0.07558633301360004,0
sub-069,48,0.24850841867219753,0.06938382561306108,0
sub-069,49,0.24574786600924173,0.030909013193651226,0
sub-069,50,0.6715637614414718,0.09711646523815318,0
sub-069,51,0.5834532288136318,0.07678407125894848,0
sub-069,52,0.2485465722659558,0.07107151192954016,0
sub-069,53,0.2736676888253326,0.0849078370174752,0
sub-069,54,0.38647003072342406,0.04055662819875722,0
sub-069,55,0.2960395425545983,0.06285700518038692,0
sub-069,56,0.6160961099154822,0.07280697558211247,0
sub-069,57,0.32998609590140165,0.04750081437622175,0
sub-069,58,0.2446492708266475,0.07271983855636743,0
sub-069,59,0.676308628149487,0.10013859846689639,1
sub-069,60,0.6116244094690211,0.07970833626586676,0
sub-069,61,0.3679329896968185,0.07168285766092283,0
sub-069,62,0.11326588298350296,0.05493749176010376,0
sub-069,63,0.26255230632953774,0.08124752283436815,0
sub-069,64,0.09234036481733138,0.03752782279012846,0
sub-069,65,0.43584857695163726,0.08653823042314056,0
sub-069,66,0.04081205935883396,0.020049446269713295,0
sub-069,67,0.2756528073976047,0.06700905102382089,0
sub-076,0,0.003537236575296203,0.0016529072275605758,0
sub-076,1,0.13522332635479728,0.049706810213625024,0
sub-076,2,0.22834980857826723,0.0745109520649783,0
sub-076,3,0.00768138909091681,0.0017727030807004943,0
sub-076,4,0.022164391161660583,0.0047787956109084625,0
sub-076,5,0.05425433538022824,0.015405264495726028,0
sub-076,6,0.01675507334211432,0.00877429154889721,0
sub-076,7,0.018483341657386125,0.008186007707584259,0
sub-076,8,0.17089270991614575,0.054140721640885806,0
sub-076,9,0.019009589337445128,0.008616773215047894,0
sub-076,10,0.4019993490275742,0.07622215715943738,0
sub-076,11,0.008563740767075214,0.00582102150696861,0
sub-076,12,0.26063361750506087,0.06482583829336104,0
sub-076,13,0.005248391653399104,0.0017642179014279544,0
sub-076,14,0.03857594607152816,0.01054582566738987,0
sub-076,15,0.14145906049479684,0.050069494286459175,0
sub-076,16,0.1826104314721565,0.03336073213917949,0
sub-076,17,0.11603943520686004,0.032764098480319664,0
sub-076,18,0.11109856241109058,0.03311982762850304,0
sub-076,19,0.004814206962628544,0.003113866220327992,0
sub-076,20,0.042134697639557545,0.014015241701084551,0
sub-076,21,0.08904449874032941,0.032974985761249395,0
sub-076,22,0.044152128978207576,0.018133250043786808,0
sub-076,23,0.060485388304418505,0.024144222941877694,0
sub-076,24,0.139261860828843,0.03591623551989981,0
sub-076,25,0.23530829667750236,0.07182209042447463,0
sub-076,26,0.3347683694188931,0.06514244681588037,0
sub-076,27,0.024371630670834643,0.008431055130672969,0
sub-076,28,0.05574516936986525,0.02279383533023753,0
sub-076,29,0.01766484951570134,0.007011242303305018,0
sub-076,30,0.25224122622181905,0.07438041895490705,0
sub-076,31,0.03737162293339061,0.010524226783747936,0
sub-076,32,0.014535169579633866,0.004696471696911789,0
sub-076,33,0.043832128403972194,0.013819896260018812,0
sub-076,34,0.11556740589269195,0.038317982287264934,0
sub-076,35,0.39994633655643874,0.13212832222850987,0
sub-076,36,0.021037925694149417,0.010448529293866884,0
sub-076,37,0.013216995410831633,0.007387830946802806,0
sub-076,38,0.012310588421544456,0.004968395874835212,0
sub-076,39,0.23252910060288778,0.07139493748618268,0
sub-076,40,0.8626020207247531,0.055657879197249856,0
sub-076,41,0.07790747428130576,0.022499868167167578,0
sub-076,42,0.011390822324513978,0.0054366957789391615,0
sub-076,43,0.29258809158336446,0.11054799970745362,0
sub-076,44,0.6810434737567321,0.09048659951609063,0
sub-076,45,0.06286460017909265,0.04137860168321034,0
sub-076,46,0.014963250022088653,0.008876045132650686,0
sub-076,47,0.09675762744558769,0.044643546856181986,0
sub-076,48,0.03874217747133828,0.018422897697700245,0
sub-076,49,0.11918590005653955,0.04607351129259033,0
sub-076,50,0.9975975105818016,0.0016348383442688263,0
sub-076,51,0.8430209291699693,0.0526524793551192,1
sub-076,52,0.73205986800875,0.06397600419068224,1
sub-076,53,0.09815333226524652,0.04107588451107167,0
sub-076,54,0.45377924737946557,0.075867500028155,0
sub-076,55,0.23930542347058012,0.0749662657665944,0
sub-076,56,0.7221033342587475,0.07322542505593856,0
sub-076,57,0.029140051619521972,0.011885013932554898,0
sub-076,58,0.010977385523159662,0.004985651476113498,0
sub-076,59,0.953174778899782,0.023358786541254072,0
sub-076,60,0.35964098912344,0.09663029193118658,0
sub-076,61,0.22283711652371818,0.12583365955022963,0
sub-076,62,0.35706086971394857,0.1939235028551804,0
sub-076,63,0.48833520846473827,0.1618481681682392,0
sub-076,64,0.14129249625340318,0.02364196770869139,0
sub-076,65,0.011256491127896864,0.004971163368812243,0
sub-076,66,0.10504941434190665,0.04280880110425701,0
sub-076,67,0.7173294425809295,0.08582466072575007,0
sub-079,0,0.025470272679906387,0.011591213975745519,0
sub-079,1,0.513956495966238,0.09664636088892141,0
sub-079,2,0.7903422260012969,0.07097336589383403,0
sub-079,3,0.08337678638893709,0.030733638889852782,0
sub-079,4,0.5695150625796909,0.10389334710850456,1
sub-079,5,0.5751431521547861,0.0780896186181489,0
sub-079,6,0.7706700684828968,0.0756588079171193,0
sub-079,7,0.9458964475146463,0.026844559325984077,1
sub-079,8,0.4207135428920137,0.06213712301559065,0
sub-079,9,0.4061204490394741,0.11530014627151075,0
sub-079,10,0.18457050917769677,0.07877567049977797,0
sub-079,11,0.5788142195065132,0.11631846938159807,0
sub-079,12,0.1655196997371638,0.04958648633645582,0
sub-079,13,0.40035811327764936,0.11268899723959844,0
sub-079,14,0.9863212006803387,0.004331275440213856,1
sub-079,15,0.9727432040944878,0.019443806547015764,1
sub-079,16,0.9951662518724543,0.0017573388393325642,1
sub-079,17,0.2695286607220321,0.06251887226919883,0
sub-079,18,0.05455184665949767,0.031941735136631046,0
sub-079,19,0.2047067919128615,0.07418790971366991,0
sub-079,20,0.9896921926929692,0.004288860876147722,1
sub-079,21,0.9625648220793923,0.021779331107899667,0
sub-079,22,0.9712443315873924,0.016384275170012983,0
sub-079,23,0.9513661376039542,0.028413101872735148,0
sub-079,24,0.033863305558749376,0.012972036633788174,0
sub-079,25,0.28736060248395523,0.07982194617420665,0
sub-079,26,0.9962620532750949,0.002067562019735263,1
sub-079,27,0.8770844393841669,0.07964666555577596,0
sub-079,28,0.8225828182089503,0.0872745440312579,0
sub-079,29,0.3503915545197206,0.10827106923483114,0
sub-079,30,0.06066322315974045,0.02487263881409298,0
sub-079,31,0.2646411089365709,0.11043736497382672,0
sub-079,32,0.33426932466748543,0.1066893043563421,0
sub-079,33,0.9048089187618029,0.040306983884497695,0
sub-079,34,0.11887001463394578,0.05709650223012757,0
sub-079,35,0.9177338992268245,0.039557217186550996,0
sub-079,36,0.7812649346754921,0.06005354108161254,0
sub-079,37,0.16679238975387228,0.04897884265096632,0
sub-079,38,0.5704544725578933,0.09668296691566518,0
sub-079,39,0.8146780043578046,0.09645439511360474,0
sub-079,40,0.43961133122713203,0.1268876793405159,0
sub-079,41,0.9816216673802922,0.011410338731982935,0
sub-079,42,0.9551540909801093,0.021902356750699986,0
sub-079,43,0.5799064578310473,0.10200469375775811,1
sub-079,44,0.8774741862997674,0.05931865100026701,0
sub-079,45,0.35609058847896335,0.11564758752904217,0
sub-079,46,0.827596700014831,0.06409953702719465,0
sub-079,47,0.3521960730363013,0.13426422719882664,0
sub-079,48,0.5426538212319609,0.12447460351443976,0
sub-079,49,0.5553436778012567,0.14217817068818273,0
sub-079,50,0.12283619590722775,0.04852619282763107,0
sub-079,51,0.3759698798234422,0.09132279590678233,0
sub-079,52,0.3342203907465433,0.0993019006348387,0
sub-079,53,0.06914844482580837,0.023655483533637885,0
sub-079,54,0.5370626839711277,0.1528213299420982,0
sub-079,55,0.9994141534530641,0.0003253416758526642,0
sub-079,56,0.5176764707586473,0.15136146896076316,0
sub-079,57,0.8957463599114662,0.04509903632359693,0
sub-079,58,0.24371664020895642,0.14505166264438094,0
sub-079,59,0.4109367942452889,0.10226829023983326,0
sub-079,60,0.8882353251080701,0.04719732916298886,0
sub-079,61,0.9666233655539781,0.017005080249895898,1
sub-079,62,0.9186776385405235,0.03214251145975843,1
sub-079,63,0.17389910061939004,0.09387166318679528,0
sub-079,64,0.023429312324941366,0.01472469801203967,0
sub-079,65,0.8148486730156448,0.11283595943504711,0
sub-079,66,0.23669517763841497,0.0830420058240329,0
sub-079,67,0.17847711718436754,0.08317249421941485,0
sub-081,0,0.08504480359807035,0.03555848372891471,0
sub-081,1,0.12408375533733676,0.022121014567483832,0
sub-081,2,0.10532144699448143,0.03815919265198172,0
sub-081,3,0.44713161616799796,0.0999032982954638,0
sub-081,4,0.40723833059256664,0.1141990774782926,0
sub-081,5,0.6875224897354452,0.09277796919818836,0
sub-081,6,0.0768696533275108,0.025166294594397075,0
sub-081,7,0.2335467639923184,0.06026291570623167,0
sub-081,8,0.32057212448675687,0.0860668140904369,0
sub-081,9,0.5818157439789141,0.08748745901655895,0
sub-081,10,0.6375583725674832,0.09322075392865878,0
sub-081,11,0.25515878177134793,0.05539647290824692,0
sub-081,12,0.10810097223598034,0.03659680301351357,0
sub-081,13,0.5494091526062524,0.05625939753762954,0
sub-081,14,0.7861955047248202,0.06193488719097546,0
sub-081,15,0.013273136630683718,0.003616734097134693,0
sub-081,16,0.07673106986482878,0.027169669571055363,0
sub-081,17,0.7063490459306576,0.05850852408443033,0
sub-081,18,0.10633432885736735,0.030488386035599557,0
sub-081,19,0.33406470332096744,0.04680275917324625,0
sub-081,20,0.10263730441093658,0.03529968201204929,0
sub-081,21,0.1402425635641523,0.029387003448732702,0
sub-081,22,0.26821806926464375,0.04914616709263413,0
sub-081,23,0.5978631652809359,0.06134539504530724,0
sub-081,24,0.6385748645783441,0.1435010952137517,1
sub-081,25,0.6782088209941893,0.08752257600606037,0
sub-081,26,0.4527108906030077,0.06495014842491953,0
sub-081,27,0.11766408978688676,0.028591969665397603,0
sub-081,28,0.36577419107617054,0.10241803520729824,0
sub-081,29,0.04016501595211007,0.029784435973792437,0
sub-081,30,0.11964267108526312,0.043375772362427296,0
sub-081,31,0.058504913812889026,0.02468523763773024,0
sub-081,32,0.033621562890127396,0.021339080248088914,0
sub-081,33,0.7832047809223774,0.07446984655278265,1
sub-081,34,0.023687057545886105,0.016636403963521756,0
sub-081,35,0.12190049045238452,0.05693975099083879,0
sub-081,36,0.31756727404134,0.02644358227094104,0
sub-081,37,0.04854026277625624,0.0318884005578421,0
sub-081,38,0.0051443782493893805,0.001830877188392174,0
sub-081,39,0.0037365832255151126,0.0015498452103143421,0
sub-081,40,0.034995255454463886,0.012028924567864504,0
sub-081,41,0.04022667831228684,0.01304586860875402,0
sub-081,42,0.30237945130554666,0.10072938950968098,0
sub-081,43,0.01792921954911162,0.00942565305444433,0
sub-081,44,0.09313782797029777,0.029766345595377008,0
sub-081,45,0.009822795116238847,0.0031742500280890645,0
sub-081,46,0.09301287450802223,0.03407123136924499,0
sub-081,47,0.0025955765459704035,0.0015922631626242704,0
sub-081,48,0.016634685619187867,0.008847295276444823,0
sub-081,49,0.19748895602523725,0.050559380806872556,0
sub-081,50,0.06318543001766345,0.022635313287526278,0
sub-081,51,0.0397704832204113,0.016158611244375308,0
sub-081,52,0.2944598801116224,0.07038332052969908,0
sub-081,53,0.03655453264629487,0.011657650447527909,0
sub-081,54,0.6352403809871066,0.06252912803500275,0
sub-081,55,0.02542018843612285,0.009704866877474719,0
sub-081,56,0.08303316257253127,0.02595509529399748,0
sub-081,57,0.0096058088377661,0.0033829468365778087,0
sub-081,58,0.012460780368476084,0.006578769427192165,0
sub-081,59,0.05443916612382728,0.013356223787017089,0
sub-081,60,0.18786788299879514,0.08947542330716343,0
sub-081,61,0.02653861950994455,0.006632925008721004,0
sub-081,62,0.009347608089261352,0.003754289397439947,0
sub-081,63,0.1797394044403579,0.046280477124951924,0
sub-081,64,0.4291403777575592,0.11209777930382665,0
sub-081,65,0.0014598326028589562,0.0005968648856507444,0
sub-081,66,0.008029269306589296,0.0043584494078910095,0
sub-081,67,0.0358096478446723,0.015281752380247258,0
sub-083,0,0.0327936571816328,0.013258995950089543,0
sub-083,1,0.19195669031248336,0.04997076077088052,0
sub-083,2,0.0882893604153713,0.02191114570787977,0
sub-083,3,0.30553868964938946,0.07715154078707359,0
sub-083,4,0.11247953643629793,0.03394601423765206,0
sub-083,5,0.09003503411697707,0.0338923602113197,0
sub-083,6,0.21862776893038288,0.04258943185782645,0
sub-083,7,0.04800970361096447,0.015153836174957296,0
sub-083,8,0.464379646894921,0.08668613370796031,0
sub-083,9,0.09727775093056144,0.026816310272516304,0
sub-083,10,0.034268646800874256,0.01091645754093909,0
sub-083,11,0.30378586014194686,0.05260591569678186,0
sub-083,12,0.08094919332558916,0.02221041893705949,0
sub-083,13,0.11645390853956757,0.054781192347046696,0
sub-083,14,0.1982528247063085,0.08768400269766155,0
sub-083,15,0.30752300331202853,0.05900105037724013,0
sub-083,16,0.7536169356148188,0.06934234343403997,0
sub-083,17,0.06296843192307297,0.019638504761858844,0
sub-083,18,0.11186388794549904,0.027844627548968822,0
sub-083,19,0.2674912447651154,0.06477354509565997,0
sub-083,20,0.44485040085410094,0.10367517234329314,0
sub-083,21,0.3067442834687241,0.07265684379818028,0
sub-083,22,0.1612512459508615,0.01929579264414082,0
sub-083,23,0.1877781001437776,0.055026578783124495,0
sub-083,24,0.26559339838212215,0.06779743034059041,0
sub-083,25,0.05806195781272104,0.024009303207766904,0
sub-083,26,0.2755007021798274,0.04034630106712613,0
sub-083,27,0.3425113942408465,0.030079437042614173,0
sub-083,28,0.06001764900804881,0.019506915917244315,0
sub-083,29,0.3670300491695112,0.06789516511533339,0
sub-083,30,0.2735432539620498,0.0663316185005651,0
sub-083,31,0.03272139848282735,0.011424561908354827,0
sub-083,32,0.348127231044724,0.05353500832685079,0
sub-083,33,0.07419486371987481,0.021570054019682587,0
sub-083,34,0.6875432309639111,0.05254585441323294,1
sub-083,35,0.886577988950102,0.040565546810561896,0
sub-083,36,0.3015965017379932,0.06613759250643331,0
sub-083,37,0.6065842025256362,0.0742337571122945,1
sub-083,38,0.8069087707375736,0.045195699112807436,0
sub-083,39,0.46181675672805955,0.08993893289836874,0
sub-083,40,0.34864545024351573,0.08186436886030281,0
sub-083,41,0.34438984895140334,0.10216618820099335,0
sub-083,42,0.5653859876450597,0.05879686757633608,0
sub-083,43,0.48865388048784064,0.07273013229715855,0
sub-083,44,0.17241046307266752,0.0954191811314982,0
sub-083,45,0.30932205363915627,0.06507970733821719,0
sub-083,46,0.09193372930910897,0.030079809436511822,0
sub-083,47,0.49861615395261366,0.10795843088938986,0
sub-083,48,0.4497711445305065,0.05021875020889269,0
sub-083,49,0.47375567197470775,0.0674314002064769,0
sub-083,50,0.07650567862353279,0.028324549043562935,0
sub-083,51,0.027626378543581485,0.009561701707675044,0
sub-083,52,0.03597486016231733,0.026509608811710324,0
sub-083,53,0.41036450424925,0.061649187262407534,0
sub-083,54,0.09315363446833139,0.021026509882063494,0
sub-083,55,0.4105538985161852,0.10875346489854114,0
sub-083,56,0.12347328963082349,0.03354876348124633,0
sub-083,57,0.671154342765338,0.05438925463633371,0
sub-083,58,0.48653963378340215,0.08633022986704113,0
sub-083,59,0.13252725399129758,0.045488225248969234,0
sub-083,60,0.07652945842054484,0.02319918450758827,0
sub-083,61,0.24125252926053897,0.09596525577975128,0
sub-083,62,0.667092278319779,0.08060576590669365,0
sub-083,63,0.030746385507858305,0.00999981944494132,0
sub-083,64,0.08233108608493817,0.0365196312881877,0
sub-083,65,0.8495129658921158,0.05982024910211035,0
sub-083,66,0.1090217008353394,0.02544934021951917,0
sub-083,67,0.3066430257601435,0.13484768793045465,0
sub-084,0,0.07834770537067466,0.031188877165928785,0
sub-084,1,0.4568192464430932,0.07115108506644882,0
sub-084,2,0.3624255819161223,0.08816071411310188,0
sub-084,3,0.09890918270664865,0.03065224176640007,0
sub-084,4,0.5863064243952959,0.10962759392911903,0
sub-084,5,0.08363849483047325,0.030025589586650525,0
sub-084,6,0.31037802676665366,0.07876764394840582,0
sub-084,7,0.2715685079745648,0.059788222117913854,0
sub-084,8,0.7948053967061751,0.05306749865348327,0
sub-084,9,0.0708879045279622,0.03071440874408283,0
sub-084,10,0.8767479410199304,0.03729735144865553,0
sub-084,11,0.2807099263817244,0.08243110706227173,0
sub-084,12,0.5746789555154229,0.09170556415086008,0
sub-084,13,0.3479890473499444,0.07019990698236679,0
sub-084,14,0.5755905521052718,0.08039986071644852,0
sub-084,15,0.18469849866196902,0.04514261457600575,0
sub-084,16,0.8124707562968814,0.05775704571226413,0
sub-084,17,0.8740344904176081,0.038292652619374305,0
sub-084,18,0.7979507130665053,0.058249005134329096,0
sub-084,19,0.5532969279249359,0.0833374794901827,0
sub-084,20,0.1199857803191032,0.06257691194846061,0
sub-084,21,0.0508974304690928,0.018112770865129496,0
sub-084,22,0.5941125358935733,0.08163437707831346,1
sub-084,23,0.6185295688607356,0.0842117552365578,0
sub-084,24,0.4717041996349728,0.07008432337362366,0
sub-084,25,0.5731524431198481,0.08891836895347295,0
sub-084,26,0.9983886808666169,0.001089288813322224,0
sub-084,27,0.2986880639845546,0.05816565409127873,0
sub-084,28,0.4668701926014872,0.0857634983220164,0
sub-084,29,0.20252300195788106,0.07619278904110366,0
sub-084,30,0.46190871818147017,0.11855193474473606,0
sub-084,31,0.10213613184839891,0.04262698013224865,0
sub-084,32,0.2433631766079194,0.10197443829573301,0
sub-084,33,0.46772974978330817,0.10524787471303369,0
sub-084,34,0.014815761421468168,0.005886659316845353,0
sub-084,35,0.15522812579725626,0.07721748777770417,0
sub-084,36,0.45576345698961873,0.05717189329767576,0
sub-084,37,0.8914460583527941,0.02010446770058669,1
sub-084,38,0.018976649611793687,0.007785121127037601,0
sub-084,39,0.23560633368941547,0.09992059835875455,0
sub-084,40,0.007039565305041659,0.003277199628340687,0
sub-084,41,0.5842223303315784,0.11661871619723979,0
sub-084,42,0.0717720755324839,0.022338111464274467,0
sub-084,43,0.08121993262235896,0.028740976075103054,0
sub-084,44,0.22108953991571872,0.0770264858947431,0
sub-084,45,0.07303640484576344,0.013222993513528352,0
sub-084,46,0.018522168078600593,0.008365306343795462,0
sub-084,47,0.07771926207717514,0.05490675003995426,0
sub-084,48,0.49741981285911663,0.09893172556437757,0
sub-084,49,0.4520697104577419,0.09677323672923646,0
sub-084,50,0.8454267752851333,0.05248013741283851,0
sub-084,51,0.08067991364243114,0.059843171914598384,0
sub-084,52,0.04620781564201999,0.028823485008936892,0
sub-084,53,0.06671500192841406,0.026901245872199758,0
sub-084,54,0.020371550185193116,0.006329757003881234,0
sub-084,55,0.08551693283792525,0.025851111572651336,0
sub-084,56,0.32559057393923857,0.0865096749765911,0
sub-084,57,0.11239450353490495,0.03901045822297101,0
sub-084,58,0.019576224802259002,0.004547061493731194,0
sub-084,59,0.21730846461596723,0.10152524550644938,0
sub-084,60,0.46947552250605484,0.0808892640074809,0
sub-084,61,0.1884091848681233,0.06434164166005064,0
sub-084,62,0.08120914688989125,0.033687007979807414,0
sub-084,63,0.021289531245897282,0.011371577890620897,0
sub-084,64,0.03620774983138346,0.01498312499636199,0
sub-084,65,0.0028981312949618995,0.002000312063053098,0
sub-084,66,0.022096524825181336,0.007398662354769729,0
sub-084,67,0.43548960532973247,0.16706708627940126,0
sub-094,0,0.03070596576845997,0.020109418007951088,0
sub-094,1,0.05691874999452442,0.017366443100055737,0
sub-094,2,0.2699776777193349,0.06433945995368566,0
sub-094,3,0.4329744317152735,0.0594520350088175,0
sub-094,4,0.5284978972376235,0.06135528490260223,0
sub-094,5,0.744316598707206,0.13253341266503538,0
sub-094,6,0.2655264183767911,0.04662478823300575,0
sub-094,7,0.9114871493225765,0.055875011946638256,0
sub-094,8,0.30153635608064006,0.07589321677687338,0
sub-094,9,0.4863599092417167,0.08212119877755629,0
sub-094,10,0.02917710789372373,0.008568841761777815,0
sub-094,11,0.7287569525161729,0.07355001920900518,0
sub-094,12,0.7583471404346084,0.04784172270420431,0
sub-094,13,0.5871937912403237,0.11356657692322528,0
sub-094,14,0.3065458476897699,0.06827538154517918,0
sub-094,15,0.11278259169548988,0.03132632869317772,0
sub-094,16,0.1692107775214747,0.033892576442788654,0
sub-094,17,0.0365043801763205,0.009214783192628497,0
sub-094,18,0.11319058598192307,0.03332349580888842,0
sub-094,19,0.25777994879851124,0.06372001158160163,0
sub-094,20,0.1861239592266067,0.05431368971774221,0
sub-094,21,0.28871381891149644,0.07440684682580416,0
sub-094,22,0.07949953658223503,0.013899009212538529,0
sub-094,23,0.9765488583492206,0.007680873246118173,0
sub-094,24,0.09537753254647797,0.029183015801324392,0
sub-094,25,0.33299599828856147,0.13138768136024087,0
sub-094,26,0.4495657752160643,0.11055466688164108,0
sub-094,27,0.6515384294049362,0.08175786655678118,0
sub-094,28,0.09976810375175654,0.030418545634494195,0
sub-094,29,0.08994514940110464,0.029541582284905343,0
sub-094,30,0.057053492384391426,0.023382935912588543,0
sub-094,31,0.8231633829533453,0.04791655722373626,0
sub-094,32,0.006680623400751049,0.003969035452647562,0
sub-094,33,0.13910216193578476,0.04500516565085903,0
sub-094,34,0.11180285129573468,0.05074637821552239,0
sub-094,35,0.2000733372288222,0.06413142631356494,0
sub-094,36,0.2836518249121843,0.06697070104517394,0
sub-094,37,0.6619087505035828,0.06506378181276071,0
sub-094,38,0.32166705582628324,0.14190458479462692,0
sub-094,39,0.7144428906875455,0.08310850023778482,0
sub-094,40,0.3604326854429545,0.13374598440258562,0
sub-094,41,0.7589033926958668,0.0838377010614505,0
sub-094,42,0.6002269637929489,0.043005601291816666,0
sub-094,43,0.5250872306830243,0.08656525065290434,0
sub-094,44,0.11970374653094831,0.03492753449427452,0
sub-094,45,0.9698720125849803,0.01071840550575785,0
sub-094,46,0.17713012575759063,0.055690874968974506,0
sub-094,47,0.5177334901622246,0.11625022596320235,0
sub-094,48,0.9572399360977627,0.01972533959012264,0
sub-094,49,0.6124589399611414,0.061047832268943954,0
sub-094,50,0.17236705377830147,0.03866686033699382,0
sub-094,51,0.05037193389863949,0.02439399487509489,0
sub-094,52,0.29904667541240526,0.08128526700213072,0
sub-094,53,0.48274243755640917,0.05365151271076477,0
sub-094,54,0.7092995882801494,0.09608841569540742,1
sub-094,55,0.15982173358304796,0.06321200170123002,0
sub-094,56,0.5220015814357407,0.10119815811043174,1
sub-094,57,0.8218361958670434,0.10215253041132397,0
sub-094,58,0.04206166442327154,0.015467723941606048,0
sub-094,59,0.4613573203370184,0.11952435456066249,0
sub-094,60,0.3209075073598572,0.09904317482120882,0
sub-094,61,0.998612608185856,0.0006566830636653263,0
sub-094,62,0.9517958937275646,0.02745318859079817,1
sub-094,63,0.8977550434918886,0.05137803676790367,0
sub-094,64,0.09440684623174937,0.033655388590320676,0
sub-094,65,0.6046615034915919,0.09721792777519198,0
sub-094,66,0.907794745598421,0.04186018192121693,0
sub-094,67,0.9292280871862845,0.04284211654182567,1
sub-104,0,0.019579029360002966,0.011036447639559167,0
sub-104,1,0.7512668569247105,0.08156455199592613,0
sub-104,2,0.06975940827506506,0.03378270104821563,0
sub-104,3,0.5253460310836351,0.08582446081498493,0
sub-104,4,0.7764873593825671,0.06450787154767541,0
sub-104,5,0.23764281413494923,0.09926531573659568,0
sub-104,6,0.533327591900305,0.12393313751151454,0
sub-104,7,0.29671650561442403,0.1378779272364815,0
sub-104,8,0.26928894732790865,0.06909165034182986,0
sub-104,9,0.34013744831798287,0.09441049680328817,0
sub-104,10,0.5834305805552797,0.09606165724322535,0
sub-104,11,0.6542271424804119,0.09818087839053122,0
sub-104,12,0.9819710373542915,0.00810537814336606,0
sub-104,13,0.29461252260426163,0.0855025685518728,0
sub-104,14,0.6386919972886929,0.11819409831837757,0
sub-104,15,0.2001357850622522,0.05524829306696662,0
sub-104,16,0.03516228151650642,0.020287434653631083,0
sub-104,17,0.09099838908398875,0.05040357682732069,1
sub-104,18,0.4456818814458369,0.07817871382725801,0
sub-104,19,0.7557844955176829,0.07748170846562454,0
sub-104,20,0.22344353075926526,0.07975519597300143,0
sub-104,21,0.11637394602567819,0.029745972716193895,0
sub-104,22,0.03504849976843163,0.024434267391275345,0
sub-104,23,0.9751729494983368,0.00865974396400926,0
sub-104,24,0.8131894115134919,0.04391548075766747,0
sub-104,25,0.6056251920168958,0.15978909377295747,0
sub-104,26,0.5254613765463023,0.1593264247402515,0
sub-104,27,0.9960252165638319,0.0010762413822898275,0
sub-104,28,0.4713245871498947,0.13473412931275014,0
sub-104,29,0.34530893130005536,0.06323172305747038,0
sub-104,30,0.6348682600218807,0.12190039713463381,0
sub-104,31,0.5403054925102116,0.08305926718878767,0
sub-104,32,0.4608660787538771,0.07495253602234515,0
sub-104,33,0.6981437825758847,0.08674631999313517,0
sub-104,34,0.00020537978600914034,0.00014650115452851197,0
sub-104,35,0.2677730945140898,0.08811920675574676,0
sub-104,36,0.0020547897652358985,0.0013573257158808415,0
sub-104,37,0.43852555687983974,0.09991078936660326,0
sub-104,38,0.8305751403827081,0.08926165972926779,0
sub-104,39,0.07530067966758183,0.02397060347368707,0
sub-104,40,0.002872583618707911,0.0013593337270199246,0
sub-104,41,0.04690791124462302,0.016096632339922836,0
sub-104,42,0.5432123328782514,0.1000893900844725,0
sub-104,43,0.29909299917866844,0.07475978058135391,0
sub-104,44,0.12569967710290184,0.04814078533188894,0
sub-104,45,0.20864770779851796,0.05365925802332852,0
sub-104,46,0.8454680354705364,0.02881977281230303,0
sub-104,47,0.010958838948124782,0.004766598850065425,0
sub-104,48,0.49832556874571904,0.11085684904245098,0
sub-104,49,0.08636380298085428,0.026117319577275786,0
sub-104,50,0.014406765053956114,0.004943722615467166,0
sub-104,51,0.008565261290322406,0.005705656475393242,0
sub-104,52,0.00605269889901529,0.003873608954484306,0
sub-104,53,0.8822106592730202,0.03474559244505667,1
sub-104,54,0.05355866702491037,0.013916396789090985,0
sub-104,55,0.2655292241484688,0.0844655721709138,0
sub-104,56,0.00804995491400232,0.0031859020331536573,0
sub-104,57,0.6846073229621992,0.05688194946893081,0
sub-104,58,0.7121529880731875,0.1134225937381463,0
sub-104,59,0.08365399326038638,0.020804292562974256,0
sub-104,60,0.10011929607750232,0.029079230237791406,0
sub-104,61,0.6099511739197966,0.07821321326929528,0
sub-104,62,0.00036652652110935575,0.00023032045804499405,0
sub-104,63,0.0016337118607040475,0.0007729164913728256,0
sub-104,64,0.15276817295387377,0.06266387215180257,0
sub-104,65,0.03977594978384251,0.013702019981119945,0
sub-104,66,0.0010588635546701494,0.0005299199869164525,0
sub-104,67,0.05076294387965376,0.015187543029484881,0
sub-112,0,0.06680060996497586,0.03302283413323728,0
sub-112,1,0.36104595144844676,0.11567480477790618,1
sub-112,2,0.2165693765428797,0.05804318960273376,0
sub-112,3,0.6627487644992147,0.05402354137747803,0
sub-112,4,0.039942881529176064,0.018589790145952013,0
sub-112,5,0.07325008499645948,0.023654319283094995,0
sub-112,6,0.1180345305995563,0.031197286536736635,0
sub-112,7,0.02054636718764182,0.0036888010648775038,0
sub-112,8,0.1819961060585369,0.0519080634010667,0
sub-112,9,0.32961571185347804,0.05812075403009258,0
sub-112,10,0.19337285440586824,0.053950787074897213,0
sub-112,11,0.10203295030815036,0.021327395160623323,0
sub-112,12,0.2895408678449862,0.06354610876760264,0
sub-112,13,0.008374546652111224,0.0025678114234453722,0
sub-112,14,0.1881981513485716,0.06173320183868057,0
sub-112,15,0.11996993242333802,0.029193213333855238,0
sub-112,16,0.03417193931409335,0.006216543603597207,0
sub-112,17,0.07994110452518874,0.031235193632388924,0
sub-112,18,0.019089293337238793,0.0072439334518528235,0
sub-112,19,0.5043440534319898,0.11967648563839166,0
sub-112,20,0.11208892691276787,0.02325774452467414,0
sub-112,21,0.8342423426515946,0.03296474839126856,1
sub-112,22,0.7278281486384943,0.10258596390546958,0
sub-112,23,0.45443404693441447,0.12759248506269627,0
sub-112,24,0.2034088697892713,0.05363308506417707,0
sub-112,25,0.29394633987762764,0.06575603058616857,0
sub-112,26,0.875526905555898,0.044944632379739745,1
sub-112,27,0.1484264483196913,0.08874736127544437,0
sub-112,28,0.1066281122876529,0.038019245000003386,1
sub-112,29,0.13182572752620997,0.028412623496095187,0
sub-112,30,0.43749368851584924,0.16831917461496648,0
sub-112,31,0.02070780306211596,0.0057970881026640836,0
sub-112,32,0.03449445432930251,0.011623252585338459,0
sub-112,33,0.19631115023135817,0.044296445403150815,0
sub-112,34,0.01440680865863841,0.005153542069616039,0
sub-112,35,0.8077203184392747,0.061982951549426735,0
sub-112,36,0.05864471684142449,0.011518064565267898,0
sub-112,37,0.14545936162457504,0.03302534556128712,0
sub-112,38,0.11335051581740219,0.02250014951532653,0
sub-112,39,0.08609483533719153,0.06140228307905065,0
sub-112,40,0.010643622191607138,0.0082098672249499,0
sub-112,41,0.036751120394113254,0.018097384832139875,0
sub-112,42,0.9606396014441909,0.03083327837936452,0
sub-112,43,0.048768588496499024,0.025603267867267368,0
sub-112,44,0.7643248666845268,0.09465388441011052,1
sub-112,45,0.182852009030603,0.05858122553459037,0
sub-112,46,0.9836464137214003,0.010552822883971004,0
sub-112,47,0.03739456089676768,0.02807084982907725,0
sub-112,48,0.26616375450044216,0.08774483837779666,0
sub-112,49,0.5328892605049207,0.048872278609987774,0
sub-112,50,0.04323292231904236,0.01589135114128256,0
sub-112,51,0.10450041857395782,0.03990302688997779,0
sub-112,52,0.055626687019492194,0.024937170581164972,0
sub-112,53,0.10464895075280703,0.03289667563073558,0
sub-112,54,0.06653069809485605,0.028036045772225092,0
sub-112,55,0.5021350968964897,0.05680663376178616,0
sub-112,56,0.09763794665464774,0.016878400999219164,0
sub-112,57,0.7577177734490845,0.0854528586491925,1
sub-112,58,0.7304321404173215,0.11023828472831909,0
sub-112,59,0.19560084749396664,0.09394219811808763,0
sub-112,60,0.3520819347904765,0.08139775623171384,0
sub-112,61,0.1560248890998653,0.06877777116168297,0
sub-112,62,0.0671831098257832,0.026254715676671002,0
sub-112,63,0.030566325161251157,0.015806888739585568,0
sub-112,64,0.7158174529521333,0.1316684254530501,0
sub-112,65,0.22896622359026816,0.0746974400247431,0
sub-112,66,0.057723347071848397,0.030869751022644807,0
sub-112,67,0.636886906665106,0.1377050372833927,0
sub-113,0,0.001950531825838505,0.0010275706626424299,0
sub-113,1,0.1282291225595576,0.04840743824961704,0
sub-113,2,0.9803650739286492,0.010120355184305267,1
sub-113,3,0.09064403946502848,0.03768415035499591,0
sub-113,4,0.009476364956127227,0.0034797400752330635,0
sub-113,5,0.03740237068850684,0.009427371910426684,0
sub-113,6,0.030901122822283245,0.021199309102265734,0
sub-113,7,0.1079479606377246,0.05707471070444331,0
sub-113,8,0.03215575195921292,0.009675417640168478,0
sub-113,9,0.009915850073523223,0.004091185547289322,0
sub-113,10,0.04580885624969548,0.013964312070690679,0
sub-113,11,0.04606992870730164,0.019780579834832616,0
sub-113,12,0.22104199259675342,0.08245644274121691,0
sub-113,13,0.04077673665815783,0.026049618348744603,0
sub-113,14,0.01757196531311873,0.00680802495943337,0
sub-113,15,0.11185306949171167,0.02586819042656325,0
sub-113,16,0.7859344701652241,0.0846556089486292,1
sub-113,17,0.041991128116103164,0.026020751982883807,0
sub-113,18,0.4216154867431509,0.1525460424697712,0
sub-113,19,0.04223174522476922,0.02109175112548933,0
sub-113,20,0.16464016920496313,0.061092198055789096,0
sub-113,21,0.10269823815003765,0.02042948416407246,0
sub-113,22,0.3320527712773483,0.11353290118130681,0
sub-113,23,0.11294980364722211,0.02311035997083051,0
sub-113,24,0.08000443877895447,0.01814111893798371,0
sub-113,25,0.507390324572898,0.15998432718165506,0
sub-113,26,0.061997790871378466,0.022732275974195564,0
sub-113,27,0.40590238262600203,0.11533655043780248,0
sub-113,28,0.03422039340630914,0.01315712519660684,0
sub-113,29,0.061163717557651154,0.02858991798734785,0
sub-113,30,0.16058789685457794,0.0634128838282465,0
sub-113,31,0.05996642030528002,0.02897247015152514,0
sub-113,32,0.012947708384076353,0.0058091833324293175,0
sub-113,33,0.06974397143434921,0.02932978020225172,0
sub-113,34,0.0021452085564320485,0.0014377092795195816,0
sub-113,35,0.0877839161710765,0.05022082311380117,0
sub-113,36,0.4026672431288632,0.10834351449290583,0
sub-113,37,0.014980530748348628,0.006114904940472072,0
sub-113,38,0.07180211691208317,0.0453073309277353,0
sub-113,39,0.01674126439497186,0.009036655825392922,0
sub-113,40,0.059569899632281244,0.018223664022825527,0
sub-113,41,0.07009273049194308,0.028691706735516506,0
sub-113,42,0.10656208949133043,0.033877258760043744,0
sub-113,43,0.02877362217339426,0.012149570212523109,0
sub-113,44,0.009367651946317262,0.002974498348130535,0
sub-113,45,0.03449614777108462,0.012106943176857564,0
sub-113,46,0.08064548387880405,0.026446271526505312,0
sub-113,47,0.0036009241823275117,0.0020829828006562385,0
sub-113,48,0.027728529131972678,0.011697152857095652,0
sub-113,49,0.20986682816056765,0.08170456893079966,1
sub-113,50,0.05784767537932327,0.020815990009385405,0
sub-113,51,0.011716090416746944,0.0054775897627769455,0
sub-113,52,0.018368397001511723,0.010130201855157856,0
sub-113,53,0.017627074567568297,0.009307235641520806,0
sub-113,54,0.041768315066712004,0.016655119838302545,0
sub-113,55,0.22458707448470766,0.07798047083811462,0
sub-113,56,0.5105370734490724,0.10125164418770796,0
sub-113,57,0.17866546172201347,0.08404661743258032,0
sub-113,58,0.21710131876644176,0.08722290732496185,0
sub-113,59,0.18065399055145245,0.06037807395623574,0
sub-113,60,0.9768393504068049,0.011815995342941534,0
sub-113,61,0.12625930320667103,0.06153789871938522,1
sub-113,62,0.015381063326324154,0.006750806086446173,0
sub-113,63,0.044685850337303906,0.017470916055871793,0
sub-113,64,0.03582921239881798,0.013444946903159173,0
sub-113,65,0.0030826608451937016,0.002181011303399898,0
sub-113,66,0.03431373631851289,0.020576340681007423,0
sub-113,67,0.037144774484256037,0.011407870949872046,0
sub-118,0,0.0022070422121163577,0.0006493268004668239,0
sub-118,1,0.852738964893814,0.0348218488388994,0
sub-118,2,0.27418771400185105,0.05511828078222791,0
sub-118,3,0.14717647852538865,0.03298133209142836,0
sub-118,4,0.04306507467621899,0.017290302987726575,0
sub-118,5,0.03564962300344089,0.013109543748887809,0
sub-118,6,0.05779430257732262,0.03212984710637624,0
sub-118,7,0.006658111461368785,0.003265073726308821,0
sub-118,8,0.9514077119163769,0.01506649597588753,0
sub-118,9,0.008707590489589497,0.0035360675535771285,0
sub-118,10,0.46499129202576944,0.07269228681169768,0
sub-118,11,0.07379322768899488,0.025373595889196777,0
sub-118,12,0.3370182230335602,0.08501930805724812,0
sub-118,13,0.003478684951724418,0.0020217848502427716,0
sub-118,14,0.27658662749774804,0.09963858909438755,0
sub-118,15,0.12284404089129113,0.018960303139889022,0
sub-118,16,0.3103606984239336,0.08051140581438845,0
sub-118,17,0.19701940533494197,0.06396548534774266,0
sub-118,18,0.20097502947395532,0.06258259833534702,0
sub-118,19,0.13066239195268092,0.046209495467968195,0
sub-118,20,0.2934060286503185,0.0676625508472866,0
sub-118,21,0.9704424071801687,0.014993303134965297,0
sub-118,22,0.11678722656242753,0.034503372634709074,0
sub-118,23,0.7320564928387603,0.037194510126726116,0
sub-118,24,0.9854405540581961,0.01107313856964189,0
sub-118,25,0.2854792876951854,0.1045956930181882,0
sub-118,26,0.921946741678872,0.04062302666643958,1
sub-118,27,0.40962159126649034,0.07678999958188265,0
sub-118,28,0.01656928067187606,0.006450138143662504,0
sub-118,29,0.015172873764491532,0.008168666680559596,0
sub-118,30,0.42698444665018653,0.06391178344921987,0
sub-118,31,0.004057656616979344,0.0018232459751477438,0
sub-118,32,0.03292723411892949,0.012703105160289253,0
sub-118,33,0.13285176060875697,0.029616659045172567,0
sub-118,34,0.024365222881744673,0.006705760231629522,0
sub-118,35,0.42832480542456447,0.10217500630573026,0
sub-118,36,0.06195354895359848,0.016123832587793742,0
sub-118,37,0.5173497559268452,0.11563870526147922,0
sub-118,38,0.3330500473004236,0.08749678149372792,0
sub-118,39,0.36765809465023486,0.06193201371344228,0
sub-118,40,0.1364073043539838,0.04835558419073918,0
sub-118,41,0.04655504254304434,0.01992965166425793,0
sub-118,42,0.6904541122309068,0.15122055003806073,0
sub-118,43,0.06136606664578216,0.02227187581222425,0
sub-118,44,0.5440954435154437,0.15298166608801309,0
sub-118,45,0.179055047718346,0.04859799705522966,0
sub-118,46,0.20805801922456463,0.049207549672420116,0
sub-118,47,0.0543528339604913,0.016114458248868344,0
sub-118,48,0.21906804367627028,0.04665523203069092,0
sub-118,49,0.6508491292136296,0.07305699998679434,0
sub-118,50,0.061341114650207876,0.032975674366537686,0
sub-118,51,0.2506860874345801,0.11820575321006824,0
sub-118,52,0.13953141106235212,0.04593394114127888,0
sub-118,53,0.05091677539217086,0.02066719824220921,0
sub-118,54,0.024932953093218607,0.00567084600501253,0
sub-118,55,0.5707229824719817,0.07749816891757323,0
sub-118,56,0.07459441996008902,0.03542472304208164,0
sub-118,57,0.8035070379205355,0.08061009620548878,0
sub-118,58,0.7017469863443392,0.1409159253821315,0
sub-118,59,0.8122832855644908,0.07186725773078445,0
sub-118,60,0.5660622758175194,0.10775664931372451,0
sub-118,61,0.1278931001533366,0.048821232077628944,0
sub-118,62,0.16519600939492118,0.05899020947889987,0
sub-118,63,0.0897965341156517,0.04202843910689314,0
sub-118,64,0.9292687800718472,0.029427217306514077,1
sub-118,65,0.16860769775738615,0.0635644131370144,0
sub-118,66,0.15255564324196158,0.05880270470475017,0
sub-118,67,0.3059819454021911,0.08423843599607919,0
sub-119,0,0.8550177351445433,0.03469665870426517,0
sub-119,1,0.8074390482755602,0.050192515122003,0
sub-119,2,0.2720300992256201,0.05719684665142336,0
sub-119,3,0.3336617613610221,0.047517453457297125,0
sub-119,4,0.7582699444367905,0.08152009721856952,0
sub-119,5,0.6895564922279841,0.07684246934617928,0
sub-119,6,0.49698006328700084,0.03624333556850296,0
sub-119,7,0.7465816428447336,0.052834045111874214,0
sub-119,8,0.6847725000739268,0.05922735766189606,0
sub-119,9,0.39996692971471515,0.07154959843978102,0
sub-119,10,0.7430998781010778,0.07816544597854705,0
sub-119,11,0.5900609067764884,0.0680972797877591,0
sub-119,12,0.40196768941002736,0.1050428403257187,0
sub-119,13,0.9118170427411909,0.019803438786679554,1
sub-119,14,0.8247762139384232,0.03439562794486565,0
sub-119,15,0.38855705885448477,0.07217264140031894,0
sub-119,16,0.26852901428391196,0.05723426519627891,0
sub-119,17,0.5701342484779899,0.06297440864459114,0
sub-119,18,0.729941756874075,0.0865936578628726,0
sub-119,19,0.6884426859874662,0.05145025404264127,0
sub-119,20,0.6985813719303327,0.10080312573913257,0
sub-119,21,0.7916727529096528,0.03676488148703774,0
sub-119,22,0.6283111933263154,0.05927068281457022,0
sub-119,23,0.9365318828927223,0.01792270986840075,0
sub-119,24,0.5484229051329418,0.06307706176316988,0
sub-119,25,0.3521650897050325,0.0689067015128005,0
sub-119,26,0.817850989965487,0.04002258550950048,0
sub-119,27,0.4419444607670971,0.11244893768673417,0
sub-119,28,0.5687603395905407,0.08867349934515023,0
sub-119,29,0.16274983354383163,0.04707374506635456,0
sub-119,30,0.2309137001545328,0.09445979681644566,0
sub-119,31,0.753025165349847,0.05172296666089888,0
sub-119,32,0.19321612526287274,0.07106001110273166,0
sub-119,33,0.7143519085248077,0.06460191281695765,0
sub-119,34,0.1567402937571843,0.047827725000865726,0
sub-119,35,0.7425500035102781,0.058188908040416355,0
sub-119,36,0.07525485613498449,0.028959418326051624,0
sub-119,37,0.4759881427783844,0.08166631468173476,1
sub-119,38,0.33198663636088305,0.09187150720172978,0
sub-119,39,0.6078058081583831,0.07445323682905401,0
sub-119,40,0.11726147694094884,0.054329093708396725,0
sub-119,41,0.061791199301893515,0.02993594665296109,0
sub-119,42,0.6637955986740355,0.06111005019087013,0
sub-119,43,0.2891183082114658,0.10102576866009877,0
sub-119,44,0.276488376355867,0.1094528840111117,0
sub-119,45,0.2501048039376878,0.06523423070780748,0
sub-119,46,0.43038845362780825,0.09630133181423113,0
sub-119,47,0.12117504305453912,0.06842507410141364,0
sub-119,48,0.3097238608344044,0.09719474193266629,0
sub-119,49,0.4557688151085813,0.10448580748805299,0
sub-119,50,0.06298147229945006,0.030882440245933566,0
sub-119,51,0.05122149131732456,0.02371094892483942,0
sub-119,52,0.06579308371319542,0.026127188815902345,0
sub-119,53,0.41850831615967954,0.12230875091064189,0
sub-119,54,0.4711453844988334,0.06001703700405627,0
sub-119,55,0.705329186242213,0.04929936500424783,0
sub-119,56,0.3550142659531694,0.10275657248349845,0
sub-119,57,0.8914898151035817,0.02462365201358734,0
sub-119,58,0.8510658587352197,0.038436586568457776,0
sub-119,59,0.5204319187797981,0.08607969547879092,0
sub-119,60,0.08040788138504723,0.03270647797667281,0
sub-119,61,0.5847394487772188,0.07542516209685826,0
sub-119,62,0.16334508777218726,0.05431082629020376,0
sub-119,63,0.05195849793580456,0.01683429025217571,0
sub-119,64,0.15635188200224134,0.06342925818826149,0
sub-119,65,0.4182250770025718,0.06549830832248271,0
sub-119,66,0.21637858308697883,0.09655023172260588,0
sub-119,67,0.19390380939861224,0.07762181800489984,0
sub-132,0,0.07764526631144977,0.03029094216916053,0
sub-132,1,0.10154928504662686,0.035662445718962224,0
sub-132,2,0.06804425197793275,0.024751203805246962,0
sub-132,3,0.023971231653727283,0.010762054488043567,0
sub-132,4,0.0718402674023005,0.022631261370192418,0
sub-132,5,0.020551592277947704,0.010258894725093963,0
sub-132,6,0.08220195078273564,0.03504022212245682,0
sub-132,7,0.12601390593058087,0.04971538171971807,0
sub-132,8,0.09959452821729325,0.04391703889305512,0
sub-132,9,0.10488185268643675,0.030273224789032695,0
sub-132,10,0.05145154622037614,0.05522366533406067,0
sub-132,11,0.01992434689713001,0.006647129356295651,0
sub-132,12,0.03764584533044559,0.015445418278857662,0
sub-132,13,0.03866028545745983,0.019594784013709347,0
sub-132,14,0.08773979416957667,0.03545053124382121,0
sub-132,15,0.040490102947612364,0.026166562038363653,0
sub-132,16,0.02423262402052324,0.011969720900813989,0
sub-132,17,0.05700328327507008,0.031261649108518856,0
sub-132,18,0.03847016238261064,0.025045178662196483,0
sub-132,19,0.017307736128330992,0.006760268064167902,0
sub-132,20,0.05034651041055268,0.033830215870723636,0
sub-132,21,0.16079179624572162,0.06920010081906923,0
sub-132,22,0.0258568185498353,0.01925312511835741,0
sub-132,23,0.017247990877786452,0.011383777901216698,0
sub-132,24,0.06959929257885072,0.0291408314562738,0
sub-132,25,0.018908589543991147,0.011867493913756737,0
sub-132,26,0.021812067075739277,0.012233078928865541,0
sub-132,27,0.1608130985086484,0.05824712856048526,0
sub-132,28,0.0067303515790328155,0.0038881783740114897,0
sub-132,29,0.019821776320496327,0.012759331107457547,0
sub-132,30,0.0772076817492043,0.027960361890234472,0
sub-132,31,0.18422229120308403,0.055103000675632154,0
sub-132,32,0.1083518587069294,0.062468219794964384,0
sub-132,33,0.04042749778863053,0.030909748902043555,0
sub-132,34,0.8505348174755458,0.03486230286307356,1
sub-132,35,0.029692984960926844,0.01756221672265639,0
sub-132,36,0.1244358883167953,0.07384367066481096,0
sub-132,37,0.11954513880094583,0.02603535417751432,0
sub-132,38,0.044799839181705284,0.013634680738930215,0
sub-132,39,0.043557001346563554,0.01676800612201783,0
sub-132,40,0.4327385992708127,0.08783877918889017,0
sub-132,41,0.5888196463824228,0.10262898909536258,0
sub-132,42,0.10788051855571434,0.052858542412748295,0
sub-132,43,0.1420204007125658,0.03124676762957147,0
sub-132,44,0.2551816598722893,0.06523930917035362,0
sub-132,45,0.04170158257129923,0.014089297974662273,0
sub-132,46,0.12346194937564123,0.06916993943277013,0
sub-132,47,0.6863497289064279,0.04428995383097945,1
sub-132,48,0.18034693982800235,0.05082723590547121,0
sub-132,49,0.2953910213006116,0.12111570736944073,0
sub-132,50,0.30208646645271303,0.08015510938089784,0
sub-132,51,0.38294321936575293,0.05720717823658491,0
sub-132,52,0.4883247510167858,0.09034593706342435,0
sub-132,53,0.13089982787745888,0.0521174778827654,0
sub-132,54,0.16729705876484563,0.07861107265284788,0
sub-132,55,0.047038450278984414,0.025787469476618186,0
sub-132,56,0.12727830445820115,0.07833219218542485,0
sub-132,57,0.15667957453913842,0.0469881125073944,0
sub-132,58,0.089485368549559,0.04549986360888284,0
sub-132,59,0.12981818272077233,0.04364571731604925,0
sub-132,60,0.0039176061355320835,0.002397306742147918,0
sub-132,61,0.08411258822395727,0.025558597325451588,0
sub-132,62,0.8911189823870076,0.028784863559825614,0
sub-132,63,0.8895805780901973,0.033271595899009736,1
sub-132,64,0.04133665236878071,0.01595934127556763,0
sub-132,65,0.6092203701108765,0.06132974613148046,1
sub-132,66,0.7957953449937024,0.03860876859640679,0
sub-132,67,0.15948185603941506,0.04892677397494561,0
sub-133,0,0.03709643554721137,0.010423528353736243,0
sub-133,1,0.042588049055492835,0.024116989478034378,0
sub-133,2,0.9004478014382009,0.026301445541307873,0
sub-133,3,0.21494226981916667,0.06604155302161137,0
sub-133,4,0.4156017164814895,0.1927963258597645,0
sub-133,5,0.2240579046785051,0.033989733385522754,0
sub-133,6,0.48804351145753994,0.07593172576437368,0
sub-133,7,0.6070379410174015,0.0915839291578597,0
sub-133,8,0.3255921934033348,0.12603856294935056,0
sub-133,9,0.5226964423883584,0.07658314094007608,0
sub-133,10,0.9250890513568768,0.03209316789191867,0
sub-133,11,0.5220382550603341,0.05969738142814313,0
sub-133,12,0.38667863193217056,0.10097907848292677,0
sub-133,13,0.6156450590145142,0.10728450816861519,0
sub-133,14,0.15107969181614989,0.07418458606522683,0
sub-133,15,0.11199403882206967,0.039043979730934195,0
sub-133,16,0.9595236534792353,0.008817117407585581,0
sub-133,17,0.4555829983669163,0.0657937646454454,0
sub-133,18,0.35071754265849087,0.09847404463057027,0
sub-133,19,0.348500277495661,0.1476350710049491,0
sub-133,20,0.3186378370008304,0.10283573291742946,0
sub-133,21,0.010436426822203047,0.00549700675194147,0
sub-133,22,0.48265641053845476,0.08895631109274589,0
sub-133,23,0.08356090741824351,0.04390368939949111,0
sub-133,24,0.24302814425122982,0.11459680202733603,0
sub-133,25,0.8305165270502188,0.09168266741657055,0
sub-133,26,0.9622477065037198,0.019003017725031695,0
sub-133,27,0.29644406467596773,0.09923068365197822,0
sub-133,28,0.4412602525804001,0.16184614826209007,0
sub-133,29,0.078720766668378,0.025088374594233964,0
sub-133,30,0.39251240872699944,0.07028105941198907,0
sub-133,31,0.6057930211518755,0.07418472928252486,0
sub-133,32,0.03907504389869505,0.023811678251945547,0
sub-133,33,0.9387588082621072,0.036390889088841104,0
sub-133,34,0.43047676484946,0.08909075081702339,0
sub-133,35,0.0130044164268009,0.0044264827870510665,0
sub-133,36,0.9476978577960453,0.020345256736044807,1
sub-133,37,0.0316080691786518,0.009069691245083795,0
sub-133,38,0.031567215452377485,0.015419735320472484,0
sub-133,39,0.06672847010999088,0.01974154626462407,0
sub-133,40,0.7818178747250907,0.07233596652647085,0
sub-133,41,0.08404784018556019,0.03763163880731944,0
sub-133,42,0.03788574053880913,0.01430904597050337,0
sub-133,43,0.0300097076211694,0.011346742879213001,0
sub-133,44,0.06347526082046447,0.02587670705106874,0
sub-133,45,0.027560877708622422,0.012872044567131492,0
sub-133,46,0.3095491940171363,0.06905303182002495,0
sub-133,47,0.06363287698048287,0.029776290415043736,0
sub-133,48,0.02967508270783335,0.01086223306695162,0
sub-133,49,0.2555620728567985,0.06807865922853468,0
sub-133,50,0.13908304692926235,0.036641493203152964,0
sub-133,51,0.009494560290102094,0.003240299571518927,0
sub-133,52,0.018883210369732558,0.005316989955142576,0
sub-133,53,0.14669137843730354,0.0705721618221588,0
sub-133,54,0.3135828250350579,0.06650156733528227,0
sub-133,55,0.03814574165621647,0.01231020402873675,0
sub-133,56,0.9510954783263637,0.01722786525700198,0
sub-133,57,0.07511320362693812,0.02744945890940424,0
sub-133,58,0.061828045054230986,0.022589398126430748,0
sub-133,59,0.5383314416927155,0.04425681281854482,0
sub-133,60,0.39436338294394846,0.12541044829808884,0
sub-133,61,0.2455924186212337,0.05379501648571223,0
sub-133,62,0.08470162597707058,0.035388815498767275,0
sub-133,63,0.07515720673561829,0.021322829198271966,0
sub-133,64,0.8680734595623854,0.04720336638850148,1
sub-133,65,0.10480157053326596,0.044128919122542604,0
sub-133,66,0.028566908149317293,0.018079041948935597,0
sub-133,67,0.07480835785057008,0.02242914630880991,0
sub-135,0,0.009215352736230106,0.004984268858531228,0
sub-135,1,0.15208313910947086,0.03827180558800687,0
sub-135,2,0.08134569070620493,0.022565754084958672,0
sub-135,3,0.09587386024096364,0.03447521730683857,0
sub-135,4,0.40682073499419535,0.09982859811074844,0
sub-135,5,0.047604251085795635,0.02036503634940785,0
sub-135,6,0.03400501417869569,0.017880949355143085,0
sub-135,7,0.053939269571985415,0.032515413054130964,0
sub-135,8,0.1629472424030861,0.053199923290918515,0
sub-135,9,0.3408387882412331,0.069617593861262,0
sub-135,10,0.7529247824229548,0.08987697683835671,1
sub-135,11,0.0642210059787285,0.013119294106730198,0
sub-135,12,0.2363658526737809,0.060284963859628116,0
sub-135,13,0.12258004573497057,0.037804804339885444,0
sub-135,14,0.04959358659068822,0.0408270277482006,0
sub-135,15,0.005789982951610132,0.0020308542780452733,0
sub-135,16,0.13212851651881918,0.04589182099467715,1
sub-135,17,0.21060652667848023,0.05258270629963877,0
sub-135,18,0.6522616314670493,0.042371504828766615,1
sub-135,19,0.12350441593388972,0.03142715864198274,0
sub-135,20,0.005926894495330572,0.002454771459064765,0
sub-135,21,0.010250780793309138,0.004117123591024227,0
sub-135,22,0.029263993731642974,0.010476534927992276,0
sub-135,23,0.06335421318555427,0.040083266093971004,0
sub-135,24,0.19577107119054893,0.06065779445689001,0
sub-135,25,0.9331518190982848,0.03676922124404021,1
sub-135,26,0.41461820295045165,0.08159149586355874,1
sub-135,27,0.03671806204886629,0.020187159753296866,0
sub-135,28,0.2327539573538421,0.08073970583848859,0
sub-135,29,0.04063189286735188,0.013197287669948033,0
sub-135,30,0.7922109264172492,0.0435404300252378,1
sub-135,31,0.011509746714847762,0.004298916628829902,0
sub-135,32,0.03213975042543061,0.014011955390335706,0
sub-135,33,0.1578560856193478,0.03842267266754754,0
sub-135,34,0.03169506792677942,0.011514502887832807,0
sub-135,35,0.02836460850965259,0.010352156456164135,0
sub-135,36,0.522813992328488,0.11784379457203656,0
sub-135,37,0.10646720262029238,0.04325806494020174,0
sub-135,38,0.02249408546794911,0.010339383652159967,0
sub-135,39,0.12766854557658466,0.07162876418115004,0
sub-135,40,0.3210616495661327,0.08349940747560915,0
sub-135,41,0.014800909008773672,0.004013806581483657,0
sub-135,42,0.1678899322098501,0.04640010603749149,0
sub-135,43,0.6586062741542836,0.12474436183755211,0
sub-135,44,0.5658449560844172,0.1022058211234996,0
sub-135,45,0.43392535952028455,0.1345367088516085,0
sub-135,46,0.2545262376817987,0.03719955373304941,0
sub-135,47,0.28016916139511017,0.10026271178716055,0
sub-135,48,0.07073463827004882,0.03385877346306059,0
sub-135,49,0.0256177193604367,0.010614060261687734,0
sub-135,50,0.2812810468049712,0.07066535011029779,0
sub-135,51,0.4985478104770481,0.09313264402437416,0
sub-135,52,0.21706773462129952,0.05890747460456137,0
sub-135,53,0.29912224944190535,0.09992163911668167,0
sub-135,54,0.03167756942543798,0.011786208199268403,0
sub-135,55,0.029043339476394363,0.013972968941343084,0
sub-135,56,0.4397095811039007,0.14108218882339532,0
sub-135,57,0.04760393325337064,0.011530483539793315,0
sub-135,58,0.012602059700667894,0.003592417266856471,0
sub-135,59,0.9588471941435873,0.029350473167464104,0
sub-135,60,0.6831686482226853,0.09796240211208836,1
sub-135,61,0.17579342925720157,0.05354789982002676,0
sub-135,62,0.022932178279794,0.011924028225426162,0
sub-135,63,0.014769358776573243,0.005675265945031615,0
sub-135,64,0.9157710148708083,0.030814793740966483,1
sub-135,65,0.005525749300554371,0.0036210401639282337,0
sub-135,66,0.004533930232398892,0.0020979090013603474,0
sub-135,67,0.5257227896856014,0.06339011646130818,0
